게시물ID,제목,게시일,원래 카테고리,규칙 기반 주제 분류,URL,추출본문 문자수,본문 이미지 요소수,본문 확인
224400925807,"중계중 중2 수학 시험, 최근 3년 중간고사에서 보인 변화! | 중계동 수학학원 수학의기술",2026. 9. 4.,은행사거리점(직접 게시),시험분석·대비,https://blog.naver.com/skills_in_math2/224400925807,4494,14,추출
224400680258,"하계중 2학년 중간고사, 최근 3년 문제에서 보이는 수학 출제 특징! | 중계동 수학학원 수학의기술",2026. 9. 4.,은행사거리점(직접 게시),시험분석·대비,https://blog.naver.com/skills_in_math2/224400680258,3161,14,추출
224400006343,"상명중 2학년 수학 중간고사, 최근 3년 문제는 어떻게 달라졌을까? | 중계동 수학학원 수학의기술",2026. 9. 4.,은행사거리점(직접 게시),시험분석·대비,https://blog.naver.com/skills_in_math2/224400006343,4353,17,추출
224399757158,"중계동 수학학원 수학의기술｜불암중 2학년 중간고사, 최근 3년 출제 흐름은?",2026. 9. 3.,은행사거리점(직접 게시),시험분석·대비,https://blog.naver.com/skills_in_math2/224399757158,5588,17,추출
224398543258,"을지중 2학년 중간고사, 최근 3년 난이도와 출제 특징 한눈에 보기! | 중계동 수학학원 수학의기술",2026. 9. 2.,은행사거리점(직접 게시),시험분석·대비,https://blog.naver.com/skills_in_math2/224398543258,3822,14,추출
224397080953,"중계동 고등수학, 새 학기가 시작되어도 학습의 흐름은 이어집니다! | 중계동 수학학원 수학의기술",2026. 9. 1.,은행사거리점(직접 게시),수업·학습관리,https://blog.naver.com/skills_in_math2/224397080953,2277,11,추출
224396079862,"새로운 9월, 중등부 수학은 이렇게 이어지고 있습니다! | 중계동 수학학원 수학의기술",2026. 8. 31.,은행사거리점(직접 게시),소개·공지·기타,https://blog.naver.com/skills_in_math2/224396079862,2771,19,추출
224393384956,"2027학년도 수시 원서접수 일정, 대학별 마감일은 꼭 확인하세요! | 중계동 수학학원 수학의기술",2026. 8. 30.,은행사거리점(직접 게시),소개·공지·기타,https://blog.naver.com/skills_in_math2/224393384956,2399,15,추출
224392210472,중학생 학부모를 위한 2026 고입진로설명회 안내 | 중계동 수학학원 수학의기술,2026. 8. 29.,은행사거리점(직접 게시),모집·개강,https://blog.naver.com/skills_in_math2/224392210472,2147,14,추출
224393259344,"9월 2일 시행, 2027학년도 9월 모의평가 주요 일정 정리! | 중계동 수학학원 수학의기술",2026. 8. 28.,은행사거리점(직접 게시),소개·공지·기타,https://blog.naver.com/skills_in_math2/224393259344,2596,14,추출
224391933473,"서라벌고·대진여고·대진고 중간고사 일정, 언제부터 준비할까? | 중계동 수학학원 수학의기술",2026. 8. 27.,은행사거리점(직접 게시),시험분석·대비,https://blog.naver.com/skills_in_math2/224391933473,2317,13,추출
224390666780,중계중·상명중·중평중 2학기 시험은 언제 시작될까요? | 중계동 수학학원 수학의기술,2026. 8. 26.,은행사거리점(직접 게시),소개·공지·기타,https://blog.naver.com/skills_in_math2/224390666780,2259,13,추출
224389440096,"개학 후 첫 주, 고등부 수학은 이렇게 이어지고 있습니다! | 중계동 수학학원 수학의기술",2026. 8. 25.,은행사거리점(직접 게시),소개·공지·기타,https://blog.naver.com/skills_in_math2/224389440096,2388,14,추출
224385844462,"새 학기가 시작된 8월, 중등부는 이렇게 공부하고 있습니다!  | 중계동 수학학원 수학의기술",2026. 8. 24.,은행사거리점(직접 게시),수업·학습관리,https://blog.naver.com/skills_in_math2/224385844462,3443,36,추출
224385638798,내신이 부족해도 수시를 포기하면 안 되는 이유! | 중계동 수학학원 수학의기술,2026. 8. 23.,은행사거리점(직접 게시),소개·공지·기타,https://blog.naver.com/skills_in_math2/224385638798,2295,13,추출
224384466839,"현재 고1이 치르는 2029학년도 수능, 무엇이 달라질까요? | 중계동 수학학원 수학의기술",2026. 8. 22.,은행사거리점(직접 게시),소개·공지·기타,https://blog.naver.com/skills_in_math2/224384466839,2125,13,추출
224385549364,"2학기 수학 준비, 수학의기술 SESSION3에서 시작합니다! | 중계동 수학학원 수학의기술",2026. 8. 21.,문의폭주개강소식,모집·개강,https://blog.naver.com/skills_in_math2/224385549364,2644,16,추출
224383141968,"2027 경희대 논술, 정답보다 풀이과정이 중요한 이유! | 중계동 수학학원 수학의기술",2026. 8. 20.,은행사거리점(직접 게시),소개·공지·기타,https://blog.naver.com/skills_in_math2/224383141968,2605,14,추출
224383328086,"중계동 수학학원 여름특강 후기, 여름방학 동안 만든 수학 학습 흐름, 2학기까지 이어갑니다!",2026. 8. 19.,은행사거리점(직접 게시),학습성과·후기,https://blog.naver.com/skills_in_math2/224383328086,2400,19,추출
224382251161,"여름방학 끝자락, 중등부 수학은 이렇게 이어졌습니다 | 중계동 수학학원 수학의기술",2026. 8. 18.,은행사거리점(직접 게시),소개·공지·기타,https://blog.naver.com/skills_in_math2/224382251161,2576,30,추출
224378467448,"공통수학2부터 미적분까지, 고등부의 8월 셋째 주 진도현황! | 중계동 수학학원 수학의기술",2026. 8. 17.,은행사거리점(직접 게시),소개·공지·기타,https://blog.naver.com/skills_in_math2/224378467448,2092,11,추출
224378375481,"학종 면접 준비, 실전 모의면접은 이렇게 연습해보세요! | 중계동 수학학원 수학의기술",2026. 8. 16.,은행사거리점(직접 게시),소개·공지·기타,https://blog.naver.com/skills_in_math2/224378375481,3378,16,추출
224377671153,오답노트 열심히 쓰는데 왜 같은 문제를 또 틀릴까요? | 중계동 수학학원 수학의기술,2026. 8. 15.,은행사거리점(직접 게시),수업·학습관리,https://blog.naver.com/skills_in_math2/224377671153,2533,15,추출
224377505640,하계중·중계중·을지중 학생들의 7월 순공시간은? | 중계동 수학학원 수학의기술 7월 순공랭킹 TOP10,2026. 8. 14.,은행사거리점(직접 게시),학습성과·후기,https://blog.naver.com/skills_in_math2/224377505640,2778,13,추출
224376455550,"고1부터 고3까지, 한 주 한 주 쌓아가는 수학 공부 | 중계동 수학학원 수학의기술",2026. 8. 13.,은행사거리점(직접 게시),수업·학습관리,https://blog.naver.com/skills_in_math2/224376455550,2225,15,추출
224376300094,"개학이 가까워진 8월, 중등부의 수학 학습 기록 | 중계동 수학학원 수학의기술",2026. 8. 12.,은행사거리점(직접 게시),수업·학습관리,https://blog.naver.com/skills_in_math2/224376300094,3405,35,추출
224375078868,중학생도 참여할 수 있는 서울시교육청 2026 이중언어 페스티벌 추가 모집! | 중계동 수학학원 수학의기술,2026. 8. 11.,은행사거리점(직접 게시),모집·개강,https://blog.naver.com/skills_in_math2/224375078868,2345,14,추출
224374013259,"2027학년도 수시 1:1 상담, 노원구 학생이라면 확인하세요! | 중계동 수학학원 수학의기술",2026. 8. 10.,은행사거리점(직접 게시),소개·공지·기타,https://blog.naver.com/skills_in_math2/224374013259,3611,15,추출
224371248229,"2027학년도 중학교 배정, 재배정은 언제 어떻게 진행될까요? | 중계동 수학학원 수학의기술",2026. 8. 9.,은행사거리점(직접 게시),소개·공지·기타,https://blog.naver.com/skills_in_math2/224371248229,2828,15,추출
224371123358,2027학년도 수능 원서접수 전 꼭 확인해야 할 일정과 준비사항! | 중계동 수학학원 수학의기술,2026. 8. 8.,은행사거리점(직접 게시),소개·공지·기타,https://blog.naver.com/skills_in_math2/224371123358,2399,14,추출
224370962667,"2027학년도 수시 준비, 서울시교육청 1:1 상담 이용 방법 | 중계동 수학학원 수학의기술",2026. 8. 7.,은행사거리점(직접 게시),소개·공지·기타,https://blog.naver.com/skills_in_math2/224370962667,2171,12,추출
224370183907,"전교 1등부터 종합 1등급까지, 청원여고·대진여고·혜성여고 학생들의 기말고사 성적 결과 공개! | 중계동 수학학원 수학의기술",2026. 8. 6.,은행사거리점(직접 게시),시험분석·대비,https://blog.naver.com/skills_in_math2/224370183907,2694,17,추출
224367924730,"고1부터 고3까지, 저마다의 목표를 향해 나아간 한 주 | 중계동 수학학원 8월 1주차 고등부 진도현황",2026. 8. 5.,은행사거리점(직접 게시),소개·공지·기타,https://blog.naver.com/skills_in_math2/224367924730,2522,17,추출
224367829931,도형의 닮음과 원주각을 공부한 중등부 8월 첫째 주 진도현황! | 중계동 수학학원 수학의기술,2026. 8. 4.,은행사거리점(직접 게시),수업·학습관리,https://blog.naver.com/skills_in_math2/224367829931,3655,35,추출
224361551178,2027학년도 수능 준비! 일정과 수학 출제 범위부터 확인해요 | 중계동 수학학원 수학의기술,2026. 8. 3.,은행사거리점(직접 게시),시험분석·대비,https://blog.naver.com/skills_in_math2/224361551178,2368,13,추출
224364188284,2022개정교육과정 적용 시기와 고등 수학 과목별 변화 정리! | 중계동 수학학원 수학의기술,2026. 8. 2.,은행사거리점(직접 게시),소개·공지·기타,https://blog.naver.com/skills_in_math2/224364188284,2320,14,추출
224364127105,2022 개정 교육과정에 맞춰 중등 수학 흐름 살펴보기! | 중계동 수학학원 수학의기술,2026. 8. 1.,은행사거리점(직접 게시),소개·공지·기타,https://blog.naver.com/skills_in_math2/224364127105,2248,13,추출
224363922647,"2022개정교육과정, 초등 수학은 어떻게 달라졌을까요? | 중계동 수학학원 수학의기술",2026. 7. 31.,은행사거리점(직접 게시),소개·공지·기타,https://blog.naver.com/skills_in_math2/224363922647,2477,14,추출
224362834574,"사회탐구 응시자 69%, 2027학년도 수시에는 어떤 변화가 있을까? | 중계동 수학학원 수학의기술",2026. 7. 30.,은행사거리점(직접 게시),소개·공지·기타,https://blog.naver.com/skills_in_math2/224362834574,2150,13,추출
224360582090,내신 5등급제에서 고등학교 선택은 어떻게 달라질까요? |  중계동 수학학원 수학의기술,2026. 7. 29.,은행사거리점(직접 게시),소개·공지·기타,https://blog.naver.com/skills_in_math2/224360582090,1941,12,추출
224359385204,중계동 수학학원 수학의기술 고등부는 7월 4주차에 어떤 내용을 공부했을까요?,2026. 7. 28.,은행사거리점(직접 게시),수업·학습관리,https://blog.naver.com/skills_in_math2/224359385204,2297,14,추출
224359191283,방학에 수학수업은 어떻게 이어졌을까요? | 중계동 수학학원 7월 4주차 중등부 진도현황,2026. 7. 27.,은행사거리점(직접 게시),수업·학습관리,https://blog.naver.com/skills_in_math2/224359191283,3990,35,추출
224355388155,"대진고·대진여고·선덕고 고3 수학 교과 편제, 수능 준비는 어떻게 달라질까요? | 중계동 수학학원 수학의기술",2026. 7. 23.,은행사거리점(직접 게시),소개·공지·기타,https://blog.naver.com/skills_in_math2/224355388155,2760,14,추출
224354398703,"대수부터 미적분까지, 고2 수학은 이렇게 달라집니다! | 고2 교과편제 발표! 중계동 수학학원 수학의기술",2026. 7. 22.,은행사거리점(직접 게시),소개·공지·기타,https://blog.naver.com/skills_in_math2/224354398703,2699,15,추출
224352202957,고등 수학은 다음 단원으로 넘어가기 전 점검이 필요합니다! | 중계동 수학학원 7월 3주차 고등부 진도현황,2026. 7. 20.,은행사거리점(직접 게시),소개·공지·기타,https://blog.naver.com/skills_in_math2/224352202957,2452,12,추출
224352101551,"중등 수학 심화 문제 풀이, 풀이 과정 점검이 중요한 이유! | 중계동 수학학원 7월 3주차 중등부 진도현황",2026. 7. 20.,은행사거리점(직접 게시),소개·공지·기타,https://blog.naver.com/skills_in_math2/224352101551,2947,29,추출
224348313454,중계동 수학학원 진도와 공부 습관을 함께 점검하는 수학의기술 여름방학 계획,2026. 7. 16.,은행사거리점(직접 게시),수업·학습관리,https://blog.naver.com/skills_in_math2/224348313454,1825,10,추출
224345405331,"기말고사 이후 고등 수학, 다음 단원 준비는 어떻게 해야 할까요? | 중계동 수학학원 7월 2주차 고등부 진도현황",2026. 7. 13.,은행사거리점(직접 게시),시험분석·대비,https://blog.naver.com/skills_in_math2/224345405331,2450,13,추출
224345321276,다음 과정으로 넘어가기 전 점검할 것 | 중계동 수학학원 7월 2주차 중등부 진도현황,2026. 7. 13.,은행사거리점(직접 게시),소개·공지·기타,https://blog.naver.com/skills_in_math2/224345321276,3413,32,추출
224342833914,2026년 용화여자고등학교 1학년 1학기 기말고사 분석,2026. 7. 10.,은행사거리점(직접 게시),시험분석·대비,https://blog.naver.com/skills_in_math2/224342833914,4136,19,추출
224342636893,"중계동 수학학원, 연립방정식부터 일차함수까지, 중2 기말고사 핵심 분석!",2026. 7. 10.,은행사거리점(직접 게시),시험분석·대비,https://blog.naver.com/skills_in_math2/224342636893,4479,22,추출
224341516007,중3 1학기 기말고사 분석｜을지중·중계중·불암중·상명중 수학 시험에서 확인한 포인트,2026. 7. 9.,은행사거리점(직접 게시),시험분석·대비,https://blog.naver.com/skills_in_math2/224341516007,3802,18,추출
224340605314,"중계동 수학학원, 기말고사 직전보강은 어떻게 진행될까요? | 7월 1주차 고등부 진도현황",2026. 7. 8.,은행사거리점(직접 게시),시험분석·대비,https://blog.naver.com/skills_in_math2/224340605314,2485,12,추출
224340434246,"중계동 수학학원, 기말고사 이후 어떤 수업이 진행될까요? | 7월 1주차 중등부 진도현황",2026. 7. 8.,은행사거리점(직접 게시),시험분석·대비,https://blog.naver.com/skills_in_math2/224340434246,3389,28,추출
224339422552,상명중학교 3학년 1학기 기말고사 분석｜후반부 이차함수가 점수를 갈랐다!,2026. 7. 7.,중등기출분석,시험분석·대비,https://blog.naver.com/skills_in_math2/224339422552,4480,24,추출
224339365693,상명중학교 2학년 1학기 기말고사 분석｜90점은 가능했지만 만점은~?,2026. 7. 7.,중등기출분석,시험분석·대비,https://blog.naver.com/skills_in_math2/224339365693,3968,22,추출
224339269862,여름방학 때 제대로 끝내자!｜중계동 수학학원 중3-1 Jump Up 하계특강,2026. 7. 7.,은행사거리점(직접 게시),모집·개강,https://blog.naver.com/skills_in_math2/224339269862,4762,21,추출
224337331315,대진고 1학년 1학기 기말고사 수학 분석｜EBS 연계는 높았지만 계산력과 시간 관리가 핵심!,2026. 7. 5.,은행사거리점(직접 게시),시험분석·대비,https://blog.naver.com/skills_in_math2/224337331315,5278,26,추출
224337226514,"혜성여고 1학년 1학기 기말고사 분석｜1등급 컷 80.5점, 변별력은 어디서 갈렸을까?",2026. 7. 5.,은행사거리점(직접 게시),시험분석·대비,https://blog.naver.com/skills_in_math2/224337226514,4868,24,추출
224336139893,2026 불암중학교 2학년 1학기 기말고사 수학 시험지 분석,2026. 7. 4.,중등기출분석,시험분석·대비,https://blog.naver.com/skills_in_math2/224336139893,8124,27,추출
224336057258,정확한 조건 해석과 감점 없는 서술형을 위한 내신대비 포인트ㅣ2026 청원여자고등학교 1학년 1학기 기말고사 분석,2026. 7. 4.,은행사거리점(직접 게시),시험분석·대비,https://blog.naver.com/skills_in_math2/224336057258,4735,20,추출
224335632563,2026 불암중학교 3학년 1학기 기말고사 수학 시험지 분석,2026. 7. 3.,중등기출분석,시험분석·대비,https://blog.naver.com/skills_in_math2/224335632563,2832,24,추출
224335439295,2026 중계중학교 3학년 1학기 기말고사 수학 시험지 분석,2026. 7. 3.,중등기출분석,시험분석·대비,https://blog.naver.com/skills_in_math2/224335439295,3567,20,추출
224334587885,2026 중계중학교 2학년 1학기 기말고사 수학 시험지 분석,2026. 7. 2.,중등기출분석,시험분석·대비,https://blog.naver.com/skills_in_math2/224334587885,3653,21,추출
224333681317,2026 을지중학교 2학년 1학기 기말고사 수학 시험지 분석,2026. 7. 2.,중등기출분석,시험분석·대비,https://blog.naver.com/skills_in_math2/224333681317,3540,24,추출
224333637966,2026 을지중학교 3학년 1학기 기말고사 수학 시험지 분석,2026. 7. 2.,중등기출분석,시험분석·대비,https://blog.naver.com/skills_in_math2/224333637966,3644,20,추출
224333602669,"2026 선덕고 1학년 기말고사, 1등급은 몇 점?｜공통수학1 주요문항 완전 분석",2026. 7. 2.,은행사거리점 고등반,시험분석·대비,https://blog.naver.com/skills_in_math2/224333602669,4021,26,추출
224333313124,확통 개념부터 문제 적용까지 | 중계동 수학학원 수학의기술 확률과통계 여름방학 특강,2026. 7. 1.,문의폭주개강소식,모집·개강,https://blog.naver.com/skills_in_math2/224333313124,1952,12,추출
224333246039,고1 수학의 흐름을 잡는 여름방학 | 중계동 수학학원 수학의기술 공통수학 특강,2026. 7. 1.,문의폭주개강소식,모집·개강,https://blog.naver.com/skills_in_math2/224333246039,2069,12,추출
224333117820,중2 함수가 어렵다면? 중계동 수학학원 수학의기술 고급대수 여름방학특강,2026. 7. 1.,문의폭주개강소식,모집·개강,https://blog.naver.com/skills_in_math2/224333117820,1995,12,추출
224332348858,2026 이화여대 수시등급 논술 교과 이화여대학교 수시컷 등급컷 입결 컷 지균 최저 반영 면접,2026. 6. 30.,대입분석,교육·입시정보,https://blog.naver.com/skills_in_math2/224332348858,2604,16,추출
224332348783,2026 이화여대 수시 이화여대학교 수시등급 입결 수시컷 학생부종합전형 학종 모집요강,2026. 6. 30.,대입분석,교육·입시정보,https://blog.naver.com/skills_in_math2/224332348783,4916,17,추출
224332345344,2026 서울시립대 수시등급 논술 교과 서울시립대학교 수시컷 등급컷 입결 컷 지균 최저 반영 면접,2026. 6. 30.,대입분석,교육·입시정보,https://blog.naver.com/skills_in_math2/224332345344,2544,13,추출
224332345260,2026 서울시립대 수시 서울시립대학교 수시등급 입결 수시컷 학생부종합전형 학종 모집요강,2026. 6. 30.,대입분석,교육·입시정보,https://blog.naver.com/skills_in_math2/224332345260,2320,17,추출
224332341404,2026 한국외대 수시등급 논술 교과 한국외국어대학교 수시컷 등급컷 입결 컷 지균 최저 반영 면접,2026. 6. 30.,대입분석,교육·입시정보,https://blog.naver.com/skills_in_math2/224332341404,4130,14,추출
224332341335,2026 한국외대 수시 한국외국어대학교 수시등급 입결 수시컷 학생부종합전형 학종 모집요강,2026. 6. 30.,대입분석,교육·입시정보,https://blog.naver.com/skills_in_math2/224332341335,6762,21,추출
224332335481,2026 경희대 수시등급 논술 교과 경희대학교 수시컷 등급컷 입결 컷  지균 최저 반영 면접,2026. 6. 30.,대입분석,교육·입시정보,https://blog.naver.com/skills_in_math2/224332335481,824,18,추출
224332320053,2026 경희대 수시 경희대학교 수시등급 입결 수시컷 학생부종합전형 학종 네오 모집요강,2026. 6. 30.,대입분석,교육·입시정보,https://blog.naver.com/skills_in_math2/224332320053,4101,19,추출
224332168635,2026 중앙대 수시등급 논술 교과 중앙대학교 수시컷 등급컷 입결 컷 최저 반영 면접 창의형,2026. 6. 30.,대입분석,교육·입시정보,https://blog.naver.com/skills_in_math2/224332168635,1954,19,추출
224331697626,인근 기출과 FINAL 모의평가 점검 | 중계동 수학학원 수학의기술 고등부 6월 5주차 수업 기록,2026. 6. 30.,은행사거리점(직접 게시),시험분석·대비,https://blog.naver.com/skills_in_math2/224331697626,2436,11,추출
224331663279,일차방정식부터 복소수까지｜중계동 수학학원 수학의기술 중등부 6월 5주차 수업 기록,2026. 6. 30.,은행사거리점(직접 게시),수업·학습관리,https://blog.naver.com/skills_in_math2/224331663279,4553,34,추출
224329597951,2026 중앙대 수시 중앙대학교 수시등급 입결 수시컷 학생부종합전형 학종 지균 모집요강 성장형인재,2026. 6. 28.,대입분석,교육·입시정보,https://blog.naver.com/skills_in_math2/224329597951,4137,19,추출
224329587018,2026 서강대 수시등급 논술 교과 서강대학교 수시컷 등급컷 입결 컷 최저 반영 면접,2026. 6. 28.,대입분석,교육·입시정보,https://blog.naver.com/skills_in_math2/224329587018,2189,14,추출
224329586938,2026 서강대 수시 서강대학교 수시등급 입결 수시컷 학생부종합전형 학종 지균 모집요강,2026. 6. 28.,대입분석,교육·입시정보,https://blog.naver.com/skills_in_math2/224329586938,2027,12,추출
224329566600,2026 한양대 수시등급 논술 교과 한양대학교 수시컷 등급컷 입결 컷 최저 반영 면접,2026. 6. 28.,대입분석,교육·입시정보,https://blog.naver.com/skills_in_math2/224329566600,3139,18,추출
224329559276,2026 한양대 수시 한양대학교 수시등급 입결 수시컷 학생부종합전형 학종 지균 모집요강,2026. 6. 28.,대입분석,교육·입시정보,https://blog.naver.com/skills_in_math2/224329559276,4485,19,추출
224329287424,2026 성균관대 수시등급 논술 교과 성균관대학교 수시컷 등급컷 입결 컷 최저 반영 면접,2026. 6. 28.,대입분석,교육·입시정보,https://blog.naver.com/skills_in_math2/224329287424,3148,21,추출
224329286083,2026 성균관대 수시 성균관대학교 수시등급 입결 수시컷 학생부종합전형 학종 지균 모집요강,2026. 6. 28.,대입분석,교육·입시정보,https://blog.naver.com/skills_in_math2/224329286083,2236,16,추출
224328151171,중계동 수학학원 수학의기술 여름방학 집중반｜늦잠 대신 몰입으로 시작하는 아침 3시간,2026. 6. 26.,은행사거리점(직접 게시),소개·공지·기타,https://blog.naver.com/skills_in_math2/224328151171,2963,15,추출
224327474542,2026 고려대 수시등급 논술 교과 고려대학교 수시컷 등급컷 입결 컷 최저 반영 면접,2026. 6. 26.,대입분석,교육·입시정보,https://blog.naver.com/skills_in_math2/224327474542,3432,17,추출
224327420220,2026 고려대 수시 고려대학교 수시등급 입결 수시컷 학생부종합전형 학종 지균 모집요강,2026. 6. 25.,대입분석,교육·입시정보,https://blog.naver.com/skills_in_math2/224327420220,5812,20,추출
224327399167,2026 연세대 수시등급 논술 연세대학교 수시컷 교과 등급컷 입결 컷 최저 반영 면접,2026. 6. 25.,대입분석,교육·입시정보,https://blog.naver.com/skills_in_math2/224327399167,3383,18,추출
224326205376,2026 연세대 수시 연세대학교 수시등급 입결 수시컷 학생부종합전형 학종 지균 모집요강,2026. 6. 24.,대입분석,교육·입시정보,https://blog.naver.com/skills_in_math2/224326205376,3711,17,추출
224326140429,2026 서울대 수시 서울대학교 수시전형 입결 수시컷 학생부종합전형 학종 지균,2026. 6. 24.,대입분석,교육·입시정보,https://blog.naver.com/skills_in_math2/224326140429,7034,23,추출
224325868015,인근 기출부터 6월 모평 분석까지｜수학의기술 고등부 6월 4주차 수업 기록,2026. 6. 24.,은행사거리점(직접 게시),시험분석·대비,https://blog.naver.com/skills_in_math2/224325868015,3158,13,추출
224325763253,"기말고사 앞둔 중등 수학, 6월 4주차에는 무엇을 배웠을까요? | 중계동 수학학원 수학의기술",2026. 6. 24.,은행사거리점(직접 게시),시험분석·대비,https://blog.naver.com/skills_in_math2/224325763253,4082,39,추출
224324442629,"중계동 수학학원 수학의기술, 2학기 현행심화 반배치고사 안내",2026. 6. 23.,은행사거리점(직접 게시),소개·공지·기타,https://blog.naver.com/skills_in_math2/224324442629,2343,10,추출
224319613258,중간고사 1등급 성과에 이어 시작하는 고등부 내신대비반 개강 | 중계동 수학학원 수학의기술,2026. 6. 18.,은행사거리점(직접 게시),학습성과·후기,https://blog.naver.com/skills_in_math2/224319613258,3618,19,추출
224317715059,기말고사 앞둔 고등 수학 우리 아이 진도가 궁금하시다면? | 수학의기술 6월 3주차 진도현황,2026. 6. 16.,은행사거리점(직접 게시),시험분석·대비,https://blog.naver.com/skills_in_math2/224317715059,3001,15,추출
224317537190,기말고사 전 중등 수학 점검 포인트｜수학의기술 6월 3주차 진도현황,2026. 6. 16.,은행사거리점(직접 게시),시험분석·대비,https://blog.naver.com/skills_in_math2/224317537190,4776,23,추출
224313039303,2학기 대비 수학 공부는 어떻게 준비해야 할까? | 2026 수학의기술 여름방학 특강,2026. 6. 11.,은행사거리점(직접 게시),모집·개강,https://blog.naver.com/skills_in_math2/224313039303,5675,17,추출
224311731956,중계동 고등수학학원 수학의기술｜6월 2주차 고등부수학 진도현황,2026. 6. 10.,은행사거리점(직접 게시),소개·공지·기타,https://blog.naver.com/skills_in_math2/224311731956,3450,17,추출
224311731163,"기말고사 대비, 중등 수학은 어디를 점검해야 할까요? | 중등부 6월 2주차 진도현황",2026. 6. 10.,은행사거리점(직접 게시),시험분석·대비,https://blog.naver.com/skills_in_math2/224311731163,3030,26,추출
224310742080,상위권 학생들은 놓치지 않는 핵심 포인트! | 서라벌고 1학년 수학시험 분석,2026. 6. 9.,은행사거리점(직접 게시),소개·공지·기타,https://blog.naver.com/skills_in_math2/224310742080,5071,21,추출
224309491367,상위권 변별 문항에서 드러난 내신대비 포인트 | 2026 영신여고 수학 시험 분석,2026. 6. 8.,은행사거리점(직접 게시),소개·공지·기타,https://blog.naver.com/skills_in_math2/224309491367,4050,20,추출
224307152619,중계동 수학학원 수학의기술｜재현고 1학년 중간고사 분석과 내신대비 방향,2026. 6. 5.,은행사거리점(직접 게시),시험분석·대비,https://blog.naver.com/skills_in_math2/224307152619,4776,19,추출
224305758012,중계동 고등수학학원 수학의기술 6월 1주차 고등부 수업 안내,2026. 6. 4.,은행사거리점(직접 게시),수업·학습관리,https://blog.naver.com/skills_in_math2/224305758012,2864,18,추출
224305743382,"중계동 중등 수학 기말고사 대비, 수학의기술 6월 1주차 진도현황",2026. 6. 4.,은행사거리점(직접 게시),시험분석·대비,https://blog.naver.com/skills_in_math2/224305743382,3609,21,추출
224302538746,중계동 수학학원 수학의기술｜1차 심화평가 정기고사 초등부•중등부 시상,2026. 6. 1.,은행사거리점(직접 게시),소개·공지·기타,https://blog.naver.com/skills_in_math2/224302538746,2192,29,추출
224297960469,중계동 수학학원 수학의기술 | 중1 과정·초6 심화반 SESSION2 개강 안내,2026. 5. 27.,문의폭주개강소식,모집·개강,https://blog.naver.com/skills_in_math2/224297960469,2549,14,추출
224297163764,📢 중계동 수학학원 수학의기술 5월 4주차 고등부 진도 현황 안내,2026. 5. 26.,은행사거리점(직접 게시),소개·공지·기타,https://blog.naver.com/skills_in_math2/224297163764,3311,15,추출
224296974895,📢 중계동 수학학원 수학의기술 5월 4주차 중등부 진도 현황 안내,2026. 5. 26.,은행사거리점(직접 게시),소개·공지·기타,https://blog.naver.com/skills_in_math2/224296974895,5093,34,추출
224291603051,[중계동 수학학원] 수학의기술 은행사거리점 SESSION2 개강 안내,2026. 5. 21.,문의폭주개강소식,모집·개강,https://blog.naver.com/skills_in_math2/224291603051,3532,16,추출
224290286513,📢 중계동 수학학원 수학의기술 5월 3주차 고등부 진도 현황 안내,2026. 5. 19.,은행사거리점(직접 게시),소개·공지·기타,https://blog.naver.com/skills_in_math2/224290286513,3666,18,추출
224289201167,📢 중계동 수학학원 수학의기술 5월 3주차 중등부 진도 현황 안내,2026. 5. 18.,은행사거리점(직접 게시),소개·공지·기타,https://blog.naver.com/skills_in_math2/224289201167,5073,29,추출
224284432797,📢 중계동 수학학원 수학의기술 5월 2주차 고등부 진도 현황 안내,2026. 5. 13.,은행사거리점(직접 게시),소개·공지·기타,https://blog.naver.com/skills_in_math2/224284432797,2555,15,추출
224284174255,📢 중계동 수학학원 수학의기술 5월 2주차 중등부 진도 현황 안내,2026. 5. 13.,은행사거리점(직접 게시),소개·공지·기타,https://blog.naver.com/skills_in_math2/224284174255,2256,25,추출
224279184938,"수학의기술 데일리브리핑 학습리포트, 학습 흐름을 이렇게 확인합니다!",2026. 5. 8.,소개,수업·학습관리,https://blog.naver.com/skills_in_math2/224279184938,2371,20,추출
224276805392,중계동 수학학원 수업 후 학습 상황을 더 정확하게 전하는 수학의기술 데일리 브리핑,2026. 5. 6.,소개,수업·학습관리,https://blog.naver.com/skills_in_math2/224276805392,2203,15,추출
224276609423,📢 중계동 수학학원 수학의기술 5월 1주차 고등부 진도 현황 안내,2026. 5. 6.,은행사거리점(직접 게시),소개·공지·기타,https://blog.naver.com/skills_in_math2/224276609423,2016,13,추출
224276605239,📢 중계동 수학학원 수학의기술 5월 1주차 중등부 진도 현황 안내,2026. 5. 6.,은행사거리점(직접 게시),소개·공지·기타,https://blog.naver.com/skills_in_math2/224276605239,3725,34,추출
224271003981,가천대 정시모집요강 반영비율 2027 가천대학교 입학전형 정시 신입학,2026. 4. 30.,모집요강,교육·입시정보,https://blog.naver.com/skills_in_math2/224271003981,1815,11,추출
224271003899,가천대 학종 교과 수능최저 수시 2027 가천대학교 입학전형 수시모집요강,2026. 4. 30.,모집요강,교육·입시정보,https://blog.naver.com/skills_in_math2/224271003899,1677,14,추출
224271000028,세종대 정시모집요강 반영비율 2027 세종대학교 입학전형 정시 신입학,2026. 4. 30.,모집요강,교육·입시정보,https://blog.naver.com/skills_in_math2/224271000028,2369,10,추출
224270998412,세종대 학종 교과 수능최저 수시 2027 세종대학교 입학전형 수시모집요강,2026. 4. 30.,모집요강,교육·입시정보,https://blog.naver.com/skills_in_math2/224270998412,2606,15,추출
224270939317,홍대 정시모집요강 반영비율 2027 홍익대학교 입학전형 정시 신입학,2026. 4. 30.,모집요강,교육·입시정보,https://blog.naver.com/skills_in_math2/224270939317,1707,11,추출
224270917784,홍대 학종 교과 수능최저 수시 2027 홍익대학교 입학전형 수시모집요강,2026. 4. 30.,모집요강,교육·입시정보,https://blog.naver.com/skills_in_math2/224270917784,1800,5,추출
224269402699,국민대 정시모집요강 반영비율 2027 국민대학교 입학전형 정시 신입학,2026. 4. 29.,모집요강,교육·입시정보,https://blog.naver.com/skills_in_math2/224269402699,2095,9,추출
224269368637,국민대 학종 교과 수능최저 수시 2027 국민대학교 입학전형 수시모집요강,2026. 4. 29.,모집요강,교육·입시정보,https://blog.naver.com/skills_in_math2/224269368637,1739,13,추출
224269303851,숙명여대 정시모집요강 반영비율 2027 숙명여자대학교 입학전형 정시 신입학,2026. 4. 29.,모집요강,교육·입시정보,https://blog.naver.com/skills_in_math2/224269303851,1653,6,추출
224269303380,숙명여대 학종 교과 수능최저 수시 2027 숙명여자대학교 입학전형 수시모집요강,2026. 4. 29.,모집요강,교육·입시정보,https://blog.naver.com/skills_in_math2/224269303380,1607,8,추출
224269090161,"🎯 중계동 고등수학학원 수학의기술, 5월 고등부 기말고사 대비 개강 안내",2026. 4. 29.,은행사거리점(직접 게시),모집·개강,https://blog.naver.com/skills_in_math2/224269090161,2540,16,추출
224268071454,📢 중계동 수학학원 수학의기술 4월 5주차 고등부 진도 현황 안내,2026. 4. 28.,은행사거리점(직접 게시),소개·공지·기타,https://blog.naver.com/skills_in_math2/224268071454,2550,11,추출
224268068518,📢 중계동 수학학원 수학의기술 4월 5주차 중등부 진도 현황 안내,2026. 4. 28.,은행사거리점(직접 게시),소개·공지·기타,https://blog.naver.com/skills_in_math2/224268068518,2535,28,추출
224264904214,동국대 정시모집요강 반영비율 2027 동국대학교 입학전형 정시 신입학,2026. 4. 25.,모집요강,교육·입시정보,https://blog.naver.com/skills_in_math2/224264904214,2100,10,추출
224264892884,동국대 학종 교과 수능최저 수시 2027 동국대학교 입학전형 수시모집요강,2026. 4. 25.,모집요강,교육·입시정보,https://blog.naver.com/skills_in_math2/224264892884,1906,13,추출
224264133265,건국대 정시모집요강 반영비율 2027 건국대학교 입학전형 정시 신입학,2026. 4. 24.,모집요강,교육·입시정보,https://blog.naver.com/skills_in_math2/224264133265,1631,8,추출
224264112594,건국대 학종 교과 수능최저 수시 2027 건국대학교 입학전형 수시모집요강,2026. 4. 24.,모집요강,교육·입시정보,https://blog.naver.com/skills_in_math2/224264112594,1898,4,추출
224263462499,중계동 수학학원 수학의기술 | 2025 을지중 2학년 1학기 중간고사 분석,2026. 4. 24.,중등기출분석,시험분석·대비,https://blog.naver.com/skills_in_math2/224263462499,2466,14,추출
224262185748,📢 중계동 수학학원 수학의기술 4월 4주차 고등부 진도 현황 안내,2026. 4. 23.,은행사거리점(직접 게시),소개·공지·기타,https://blog.naver.com/skills_in_math2/224262185748,2079,14,추출
224262178795,📢 중계동 수학학원 수학의기술 4월 4주차 중등부 진도 현황 안내,2026. 4. 23.,은행사거리점(직접 게시),소개·공지·기타,https://blog.naver.com/skills_in_math2/224262178795,2390,36,추출
224260124266,중계동 수학학원 수학의기술 | 2025 중계중 2학년 1학기 중간고사 분석,2026. 4. 21.,중등기출분석,시험분석·대비,https://blog.naver.com/skills_in_math2/224260124266,2208,14,추출
224255490404,중계동 수학학원 수학의기술 4월 3주차 고등부 진도 현황 안내,2026. 4. 17.,은행사거리점(직접 게시),소개·공지·기타,https://blog.naver.com/skills_in_math2/224255490404,1725,15,추출
224255463508,중계동 수학학원 수학의기술 4월 3주차 중등부 진도 현황 안내,2026. 4. 17.,은행사거리점(직접 게시),소개·공지·기타,https://blog.naver.com/skills_in_math2/224255463508,2209,31,추출
224251937391,중계동 수학학원 수학의기술 | 2025 상명중 2학년 1학기 중간고사 분석,2026. 4. 14.,중등기출분석,시험분석·대비,https://blog.naver.com/skills_in_math2/224251937391,2178,13,추출
224246318504,중계동 수학학원 | 내신특강으로 중등 수학 시험 대비 완벽하게 끝내자!,2026. 4. 9.,은행사거리점(직접 게시),모집·개강,https://blog.naver.com/skills_in_math2/224246318504,1877,21,추출
224244197650,중계동 수학학원 수학의기술 4월 2주차 고등부 진도 현황 안내,2026. 4. 7.,은행사거리점(직접 게시),소개·공지·기타,https://blog.naver.com/skills_in_math2/224244197650,2394,16,추출
224244114728,중계동 수학학원 수학의기술 4월 2주차 중등부 진도 현황 안내,2026. 4. 7.,은행사거리점(직접 게시),소개·공지·기타,https://blog.naver.com/skills_in_math2/224244114728,2524,31,추출
224239829922,"중계동 수학학원 수학의기술 | 고1 첫 중간고사, 기출 파이널 무료 특강으로 준비하자!",2026. 4. 3.,문의폭주개강소식,모집·개강,https://blog.naver.com/skills_in_math2/224239829922,1774,13,추출
224239395973,📢 중계동 수학학원 수학의기술｜4월 1주차 고등부 진도 현황 공개!,2026. 4. 3.,은행사거리점(직접 게시),소개·공지·기타,https://blog.naver.com/skills_in_math2/224239395973,2049,16,추출
224238434512,📢 중계동 수학학원 수학의기술｜4월 1주차 중등부 진도 현황 공개!,2026. 4. 2.,은행사거리점(직접 게시),소개·공지·기타,https://blog.naver.com/skills_in_math2/224238434512,2176,25,추출
224236275603,이화여대 정시모집요강 반영비율 2027 이화여자대학교 입학전형 정시 신입학,2026. 3. 31.,모집요강,교육·입시정보,https://blog.naver.com/skills_in_math2/224236275603,1965,2,추출
224236251303,이화여대 학종 교과 수능최저 수시 2027 이화여자대학교 입학전형 수시모집요강,2026. 3. 31.,모집요강,교육·입시정보,https://blog.naver.com/skills_in_math2/224236251303,2023,13,추출
224236225417,서울시립대 정시모집요강 반영비율 2027 서울시립대학교 입학전형 정시 신입학,2026. 3. 31.,모집요강,교육·입시정보,https://blog.naver.com/skills_in_math2/224236225417,1514,10,추출
224236214958,서울시립대 학종 교과 수능최저 수시 2027 서울시립대학교 입학전형 수시모집요강,2026. 3. 31.,모집요강,교육·입시정보,https://blog.naver.com/skills_in_math2/224236214958,2198,3,추출
224235030902,한국외대 정시모집요강 반영비율 2027 한국외국어대학교 입학전형 정시 신입학,2026. 3. 31.,모집요강,교육·입시정보,https://blog.naver.com/skills_in_math2/224235030902,2474,4,추출
224235019449,한국외대 학종 교과 수능최저 수시 2027 한국외국어대학교 입학전형 수시모집요강,2026. 3. 31.,모집요강,교육·입시정보,https://blog.naver.com/skills_in_math2/224235019449,1950,8,추출
224234996321,경희대 정시모집요강 반영비율 2027 경희대학교 입학전형 정시 신입학,2026. 3. 30.,모집요강,교육·입시정보,https://blog.naver.com/skills_in_math2/224234996321,2118,11,추출
224234991734,경희대 학종 교과 수능최저 수시 2027 경희대학교 입학전형 수시모집요강,2026. 3. 30.,모집요강,교육·입시정보,https://blog.naver.com/skills_in_math2/224234991734,2003,10,추출
224234871134,중앙대 정시모집요강 반영비율 2027 중앙대학교 입학전형 정시 신입학,2026. 3. 30.,모집요강,교육·입시정보,https://blog.naver.com/skills_in_math2/224234871134,2327,7,추출
224234869048,중앙대 학종 교과 수능최저 수시 2027 중앙대학교 입학전형 수시모집요강,2026. 3. 30.,모집요강,교육·입시정보,https://blog.naver.com/skills_in_math2/224234869048,1818,4,추출
224233782894,서강대 정시모집요강 반영비율 2027 서강대학교 입학전형 정시 신입학,2026. 3. 30.,모집요강,교육·입시정보,https://blog.naver.com/skills_in_math2/224233782894,2077,3,추출
224233780149,서강대 학종 교과 수능최저 수시 2027 서강대학교 입학전형 수시모집요강,2026. 3. 30.,모집요강,교육·입시정보,https://blog.naver.com/skills_in_math2/224233780149,2031,4,추출
224233753936,고려대 정시 내신반영 수능최저 2027 고려대학교 입학정원 정시모집요강,2026. 3. 30.,모집요강,교육·입시정보,https://blog.naver.com/skills_in_math2/224233753936,1843,10,추출
224233735363,고려대 입시 학종 교과 수능최저 수시 2027 고려대학교 수시모집요강,2026. 3. 30.,모집요강,교육·입시정보,https://blog.naver.com/skills_in_math2/224233735363,2526,5,추출
224228385393,연세대 정시 내신반영 수능최저 2027 연세대학교 입학정원 정시모집요강,2026. 3. 24.,모집요강,교육·입시정보,https://blog.naver.com/skills_in_math2/224228385393,1764,7,추출
224228342740,연세대 입시 학종 교과 수능최저 수시 2027 연세대학교 수시모집요강,2026. 3. 24.,모집요강,교육·입시정보,https://blog.naver.com/skills_in_math2/224228342740,1948,14,추출
224228153755,📢 중계동 수학학원 수학의기술｜3월 4주차 고등부 진도 현황 공개!,2026. 3. 24.,은행사거리점(직접 게시),소개·공지·기타,https://blog.naver.com/skills_in_math2/224228153755,1923,16,추출
224228071032,📢 중계동 수학학원 수학의기술｜3월 4주차 중등부 진도 현황 공개!,2026. 3. 24.,은행사거리점(직접 게시),소개·공지·기타,https://blog.naver.com/skills_in_math2/224228071032,2459,34,추출
224227199274,한양대 정시 내신반영 수능최저 2027 한양대학교 입학정원 정시모집요강,2026. 3. 24.,모집요강,교육·입시정보,https://blog.naver.com/skills_in_math2/224227199274,1578,10,추출
224227165288,한양대 입시 학종 교과 수능최저 수시 2027 한양대학교 수시모집요강,2026. 3. 23.,모집요강,교육·입시정보,https://blog.naver.com/skills_in_math2/224227165288,1071,10,추출
224226562139,중계동 수학학원 수학의기술 | 중등 1-1 과정 완성반 개강 안내!,2026. 3. 23.,은행사거리점(직접 게시),모집·개강,https://blog.naver.com/skills_in_math2/224226562139,1638,12,추출
224223335484,[아침집중반 후기] 중계동 수학학원 수학의기술 불암중3 김OO 학생의 겨울방학 변화,2026. 3. 20.,은행사거리점(직접 게시),학습성과·후기,https://blog.naver.com/skills_in_math2/224223335484,1551,10,추출
224222383261,📢 중계동 수학학원 수학의기술｜3월 3주차 고등부 진도 현황 공개!,2026. 3. 19.,은행사거리점(직접 게시),소개·공지·기타,https://blog.naver.com/skills_in_math2/224222383261,1950,17,추출
224222166032,📢 중계동 수학학원 수학의기술｜3월 3주차 중등부 진도 현황 공개!,2026. 3. 19.,은행사거리점(직접 게시),소개·공지·기타,https://blog.naver.com/skills_in_math2/224222166032,2584,32,추출
224220084208,성균관대 정시 내신반영 수능최저 2027 성균관대학교 입학정원 정시모집요강,2026. 3. 17.,모집요강,교육·입시정보,https://blog.naver.com/skills_in_math2/224220084208,2474,7,추출
224220071374,성균관대 입시 학종 교과 수능최저 수시 2027 성균관대학교 수시모집요강,2026. 3. 17.,모집요강,교육·입시정보,https://blog.naver.com/skills_in_math2/224220071374,1257,11,추출
224218821294,서울대 정시 내신반영 수능최저 2027 서울대학교 입학정원 정시모집요강,2026. 3. 16.,모집요강,교육·입시정보,https://blog.naver.com/skills_in_math2/224218821294,1270,13,추출
224218789661,서울대 입시 학종 교과 수능최저 수시 2027 서울대학교 수시모집요강,2026. 3. 16.,모집요강,교육·입시정보,https://blog.naver.com/skills_in_math2/224218789661,2349,14,추출
224218494293,📢 중계동 수학학원 수학의기술 현재 마감된 반과 마감임박반 안내,2026. 3. 16.,은행사거리점(직접 게시),소개·공지·기타,https://blog.naver.com/skills_in_math2/224218494293,2717,13,추출
224214049713,중계동 수학학원 수학의기술｜영신여고·청원고·대진고 등 고등학교별 1학기 시험 일정과 내신 대비 방법 정리,2026. 3. 12.,은행사거리점(직접 게시),소개·공지·기타,https://blog.naver.com/skills_in_math2/224214049713,3963,14,추출
224213660201,[아침집중반 후기] 중계동 수학학원 수학의기술 기상 습관부터 계획 학습까지 잡은 겨울방학 루틴,2026. 3. 12.,은행사거리점(직접 게시),학습성과·후기,https://blog.naver.com/skills_in_math2/224213660201,1729,11,추출
224212997554,중계동 수학학원 수학의기술｜2026 1학기 중학교별 시험일정과 맞춤 수학 내신대비!,2026. 3. 11.,은행사거리점(직접 게시),소개·공지·기타,https://blog.naver.com/skills_in_math2/224212997554,4006,15,추출
224211485185,📢 중계동 수학학원 수학의기술｜3월 2주차 고등부 진도 현황 공개!,2026. 3. 10.,은행사거리점(직접 게시),소개·공지·기타,https://blog.naver.com/skills_in_math2/224211485185,2037,11,추출
224211407025,📢 중계동 수학학원 수학의기술｜3월 2주차 중등부 진도 현황 공개!,2026. 3. 10.,은행사거리점(직접 게시),소개·공지·기타,https://blog.naver.com/skills_in_math2/224211407025,2526,26,추출
224210171344,중계동 수학학원 수학의기술 ｜1월 학습시간 랭킹 이벤트 결과 공개!,2026. 3. 9.,은행사거리점(직접 게시),수업·학습관리,https://blog.naver.com/skills_in_math2/224210171344,1540,16,추출
224207028059,"은행사거리 수학학원 수학의기술 개념을 내 것으로 만든 흔적, 노트로 보여줘! 개념노트 경진대회 안내",2026. 3. 6.,이벤트,이벤트·행사,https://blog.naver.com/skills_in_math2/224207028059,1663,9,추출
224205761763,"📢 중계동 수학학원 수학의기술 중1 극심화반부터 불암중 내신전문반까지, 현행심화반 개강 안내",2026. 3. 5.,문의폭주개강소식,모집·개강,https://blog.naver.com/skills_in_math2/224205761763,2406,14,추출
224204404082,📢 중계동 수학학원 수학의기술｜3월 1주차 고등부 진도 현황 공개!,2026. 3. 4.,은행사거리점(직접 게시),소개·공지·기타,https://blog.naver.com/skills_in_math2/224204404082,1688,17,추출
224204382967,📢 중계동 수학학원 수학의기술｜3월 1주차 중등부 반별 진도 현황 공개!,2026. 3. 4.,은행사거리점(직접 게시),소개·공지·기타,https://blog.naver.com/skills_in_math2/224204382967,2017,21,추출
224204267443,[아침집중반 후기] 중계동 수학학원 수학의기술 아침 루틴으로 집중력·계획 습관 잡기,2026. 3. 4.,은행사거리점(직접 게시),학습성과·후기,https://blog.naver.com/skills_in_math2/224204267443,1808,14,추출
224202719884,중계동 수학학원 수학의기술 | 중1 2학기 내신 대비 1-2 과정 3/9 개강!📢,2026. 3. 3.,문의폭주개강소식,모집·개강,https://blog.naver.com/skills_in_math2/224202719884,2457,12,추출
224202708324,"은행사거리 중계동 수학학원, 겨울방학 방부등식·계통식 특강 후기",2026. 3. 3.,은행사거리점(직접 게시),학습성과·후기,https://blog.naver.com/skills_in_math2/224202708324,2482,27,추출
224198349181,선덕고등학교 입시설명회 2025 선덕고 입결 및 대입 실적,2026. 2. 27.,고등학교,교육·입시정보,https://blog.naver.com/skills_in_math2/224198349181,3230,14,추출
224198310600,신일고등학교 입시설명회 2025 신일고 입결 및 대입 실적,2026. 2. 27.,고등학교,교육·입시정보,https://blog.naver.com/skills_in_math2/224198310600,3582,15,추출
224198209755,청원고등학교 입시설명회 2025 청원고 입결 및 대입 실적,2026. 2. 27.,고등학교,교육·입시정보,https://blog.naver.com/skills_in_math2/224198209755,3792,13,추출
224198152853,창동고등학교 입시설명회 2025 창동고 입결 및 대입 실적,2026. 2. 27.,고등학교,교육·입시정보,https://blog.naver.com/skills_in_math2/224198152853,3614,14,추출
224198064397,"📢 중계동 수학학원 수학의기술, 기하 내신대비반 개강 공지",2026. 2. 27.,문의폭주개강소식,모집·개강,https://blog.naver.com/skills_in_math2/224198064397,2031,11,추출
224198037569,중계동 고등수학학원 수학의기술 대진여고·선덕고·경희고 고2 미적분1 개강 안내!,2026. 2. 27.,문의폭주개강소식,모집·개강,https://blog.naver.com/skills_in_math2/224198037569,2191,13,추출
224197218383,재현고등학교 입시설명회 2025 재현고 입결 및 대입 실적,2026. 2. 26.,고등학교,교육·입시정보,https://blog.naver.com/skills_in_math2/224197218383,4099,14,추출
224197135709,상명고등학교 입시설명회 2025 상명고 입결 및 대입 실적,2026. 2. 26.,고등학교,교육·입시정보,https://blog.naver.com/skills_in_math2/224197135709,3601,20,추출
224196582865,중계동 수학학원 | 수학의기술 확률과 통계 내신대비반 개강 안내 한눈에 보기!,2026. 2. 26.,문의폭주개강소식,모집·개강,https://blog.naver.com/skills_in_math2/224196582865,2474,13,추출
224195943677,용화여자고등학교 입시설명회 2025 용화여고 입결 및 대입 실적,2026. 2. 25.,고등학교,교육·입시정보,https://blog.naver.com/skills_in_math2/224195943677,3650,14,추출
224195835911,서울외국어고등학교 입시설명회 2025 서울외고 입결 및 대입 실적,2026. 2. 25.,고등학교,교육·입시정보,https://blog.naver.com/skills_in_math2/224195835911,3910,25,추출
224195790260,대진여자고등학교 입시설명회 2025 대진여고 입결 및 대입 실적,2026. 2. 25.,고등학교,교육·입시정보,https://blog.naver.com/skills_in_math2/224195790260,3192,15,추출
224195705615,청원여자고등학교 입시설명회 2025 청원여고 입결 및 대입 실적,2026. 2. 25.,고등학교,교육·입시정보,https://blog.naver.com/skills_in_math2/224195705615,3251,18,추출
224195656735,📢 중계동 수학학원 수학의기술 26년 1학기 세션 개강 안내｜초·중·고 수학 시간표(3~5월) 공개,2026. 2. 25.,문의폭주개강소식,모집·개강,https://blog.naver.com/skills_in_math2/224195656735,3295,15,추출
224194712111,영신여자고등학교 입시설명회 2025 영신여고 입결및 대입 실적,2026. 2. 25.,고등학교,교육·입시정보,https://blog.naver.com/skills_in_math2/224194712111,2821,14,추출
224194629878,대일외국어고등학교 입시설명회로 본 2025 대일외고 입결과 대입 실적,2026. 2. 24.,고등학교,교육·입시정보,https://blog.naver.com/skills_in_math2/224194629878,4091,14,추출
224194380512,📌 2월 3주차 지금 들어오면 어느 반? 중계동 수학학원 수학의기술 반별 진도 현황 공개!,2026. 2. 24.,은행사거리점(직접 게시),소개·공지·기타,https://blog.naver.com/skills_in_math2/224194380512,2734,30,추출
224193945344,중계동 수학학원 수학의기술 | 중계중학교 수학 내신·수행평가 대비 전략,2026. 2. 24.,은행사거리점(직접 게시),소개·공지·기타,https://blog.naver.com/skills_in_math2/224193945344,2947,16,추출
224193330598,장위중학교 장위중 2025 학교소개 및 수학 성적 분석,2026. 2. 24.,중학교,교육·입시정보,https://blog.naver.com/skills_in_math2/224193330598,2457,12,추출
224192563262,"중계동 수학학원 수학의기술, 상명중학교 내신 대비 전략",2026. 2. 23.,은행사거리점(직접 게시),소개·공지·기타,https://blog.naver.com/skills_in_math2/224192563262,2780,18,추출
224189545201,"중계동 수학학원 수학의기술, 을지중 수학 내신 완벽 대비 방법!",2026. 2. 20.,은행사거리점(직접 게시),소개·공지·기타,https://blog.naver.com/skills_in_math2/224189545201,2294,14,추출
224188242009,"중계동 수학학원, 수학의기술 2월 2주차 진도 현황 | 초·중·고 수업 점검!",2026. 2. 19.,은행사거리점(직접 게시),수업·학습관리,https://blog.naver.com/skills_in_math2/224188242009,3257,15,추출
224186544820,서울사대부중 서울대학교사범대학부설중학교 2025 학교소개 및 수학 성적 분석,2026. 2. 17.,중학교,교육·입시정보,https://blog.naver.com/skills_in_math2/224186544820,2501,12,추출
224186525945,성신여자중학교 성신여중 2025 학교소개 및 수학 성적 분석,2026. 2. 17.,중학교,교육·입시정보,https://blog.naver.com/skills_in_math2/224186525945,2507,12,추출
224185764487,고대부중 고려대학교사범대학부속중학교 2025 학교소개 및 수학 성적 분석,2026. 2. 16.,중학교,교육·입시정보,https://blog.naver.com/skills_in_math2/224185764487,2467,13,추출
224185746561,수유중학교 수유중 2025 학교 소개 및 수학 성적 분석,2026. 2. 16.,중학교,교육·입시정보,https://blog.naver.com/skills_in_math2/224185746561,2429,12,추출
224182598893,"중계동 수학학원, 수학의기술이 알려드리는 불암중학교 수학 내신 대비 전략!",2026. 2. 13.,은행사거리점(직접 게시),소개·공지·기타,https://blog.naver.com/skills_in_math2/224182598893,2527,17,추출
224179902985,"📢 [2026 새 학기 개강 안내] 수학 실력, 체계로 완성하는 2026 Session1 오픈!",2026. 2. 11.,은행사거리점(직접 게시),모집·개강,https://blog.naver.com/skills_in_math2/224179902985,2874,13,추출
224173212485,[1월 순공랭킹 발표] 순공 TOP 기록 경신! 방학 특강의 힘👍,2026. 2. 6.,은행사거리점(직접 게시),학습성과·후기,https://blog.naver.com/skills_in_math2/224173212485,1360,4,추출
224166789851,하계중학교 하계중 2025 학교 소개 및 수학 성적 분석,2026. 1. 31.,중학교,교육·입시정보,https://blog.naver.com/skills_in_math2/224166789851,2468,12,추출
224166774272,중평중학교 중평중 2025 학교 소개 및 수학 성적 분석,2026. 1. 31.,중학교,교육·입시정보,https://blog.naver.com/skills_in_math2/224166774272,2419,12,추출
224166738061,재현중학교 재현중 2025 학교 소개 및 수학 성적 분석,2026. 1. 31.,중학교,교육·입시정보,https://blog.naver.com/skills_in_math2/224166738061,2505,12,추출
224166457423,고등학교 배정 발표! 이제는 '예비'고등이 아닌 '진짜'고등이다-📢!! 입학 앞둔 고등학생들을 위한 수학의기술 방학 프로그램 안내,2026. 1. 31.,은행사거리점(직접 게시),소개·공지·기타,https://blog.naver.com/skills_in_math2/224166457423,1851,6,추출
224164604059,상계제일중학교 상계제일중 2025 학교 소개 및 수학 성적 분석,2026. 1. 29.,중학교,교육·입시정보,https://blog.naver.com/skills_in_math2/224164604059,2518,12,추출
224164571952,상계중학교 상계중 2025 학교 소개 및 수학 성적 분석,2026. 1. 29.,중학교,교육·입시정보,https://blog.naver.com/skills_in_math2/224164571952,2482,12,추출
224164551048,성암여자중학교 성암여중 2025 학교 소개 및 수학 성적 분석,2026. 1. 29.,중학교,교육·입시정보,https://blog.naver.com/skills_in_math2/224164551048,2590,12,추출
224164490497,영훈국제중학교 영훈국제중 2025 학교 소개 및 성적 확인,2026. 1. 29.,중학교,교육·입시정보,https://blog.naver.com/skills_in_math2/224164490497,2720,18,추출
224164465657,숭곡중학교 숭곡중 2025 학교 소개 및 수학 성적 분석,2026. 1. 29.,중학교,교육·입시정보,https://blog.naver.com/skills_in_math2/224164465657,2475,12,추출
224164458523,📚 11월 순공랭킹 TOP10 | 흔들리는 연말에도 집중을 놓지 말기!!,2026. 1. 29.,은행사거리점(직접 게시),학습성과·후기,https://blog.naver.com/skills_in_math2/224164458523,1395,7,추출
224164456838,📊우리 아이의 한 해를 ‘순공 시간’으로 돌아보다. 12월 순공랭킹 top 10 공개!!,2026. 1. 29.,은행사거리점(직접 게시),학습성과·후기,https://blog.naver.com/skills_in_math2/224164456838,1267,7,추출
224164439808,개운중학교 개운중 2025 학교소개 및 수학 성적 분석,2026. 1. 29.,중학교,교육·입시정보,https://blog.naver.com/skills_in_math2/224164439808,2543,12,추출
224164418523,중계중 수학 전문학원 수학의기술 기출분석 자료 대공개! 2025 2학년 2학기 기말고사 수학 시험 살펴보기📢,2026. 1. 29.,중등기출분석,시험분석·대비,https://blog.naver.com/skills_in_math2/224164418523,2210,23,추출
224163972318,솔샘중학교 솔샘중 2025 학교소개 및 수학 성적 분석,2026. 1. 29.,중학교,교육·입시정보,https://blog.naver.com/skills_in_math2/224163972318,2409,12,추출
224163938143,을지중학교 을지중 2025 학교소개 및 수학 성적 분석,2026. 1. 29.,중학교,교육·입시정보,https://blog.naver.com/skills_in_math2/224163938143,2458,12,추출
224163877127,길음중학교 길음중 2025 학교 소개 및 수학 성적 분석,2026. 1. 29.,중학교,교육·입시정보,https://blog.naver.com/skills_in_math2/224163877127,2460,12,추출
224163481210,중계중학교 중계중 2025 학교소개 및 수학 성적 분석,2026. 1. 29.,중학교,교육·입시정보,https://blog.naver.com/skills_in_math2/224163481210,2402,11,추출
224163471432,삼각산중학교 삼각산중 2025 학교소개 및 수학 성적 분석,2026. 1. 29.,중학교,교육·입시정보,https://blog.naver.com/skills_in_math2/224163471432,2515,12,추출
224163398976,상명중학교 상명중 2025 학교소개 및 수학 성적 분석,2026. 1. 29.,중학교,교육·입시정보,https://blog.naver.com/skills_in_math2/224163398976,2478,13,추출
224163367852,불암중학교 불암중 2025 학교소개 및 수학 성적 분석,2026. 1. 28.,중학교,교육·입시정보,https://blog.naver.com/skills_in_math2/224163367852,2505,12,추출
224159418541,2025 가천대 정시등급 가천대학교 정시컷 백분위 입결 커트라인,2026. 1. 25.,대입분석,교육·입시정보,https://blog.naver.com/skills_in_math2/224159418541,2356,14,추출
224159408444,2025 가천대 수시등급 가천대학교 논술등급 수시컷 교과 등급컷 입결 커트라인 수능최저,2026. 1. 25.,대입분석,교육·입시정보,https://blog.naver.com/skills_in_math2/224159408444,4021,22,추출
224159382579,2025 가천대 수시등급 가천대학교 수시컷 학종 등급컷 입결 커트라인 면접일정,2026. 1. 25.,대입분석,교육·입시정보,https://blog.naver.com/skills_in_math2/224159382579,2096,21,추출
224156001862,"중계동 수학학원 수학의기술, 상명중학교 2025 2학년 2학기 기말고사 전격 분석-!",2026. 1. 22.,중등기출분석,시험분석·대비,https://blog.naver.com/skills_in_math2/224156001862,2585,17,추출
224149100465,"중계동 수학학원, 지금부터 시작해도 늦지않았습니다! 수학의기술 2026 동계특강 안내",2026. 1. 16.,은행사거리점(직접 게시),모집·개강,https://blog.naver.com/skills_in_math2/224149100465,1914,12,추출
224148045721,"중계동 윈터스쿨, 아침에 폰 대신 공부로 시작하는 2월 아침집중반 모집!",2026. 1. 15.,은행사거리점(직접 게시),모집·개강,https://blog.naver.com/skills_in_math2/224148045721,3110,15,추출
224146782331,2025 세종대 정시등급 세종대학교 정시컷 백분위 입결 커트라인,2026. 1. 14.,대입분석,교육·입시정보,https://blog.naver.com/skills_in_math2/224146782331,4565,20,추출
224146761394,2025 세종대 수시등급 세종대학교 수시컷 교과 등급컷 입결 커트라인 수능최저,2026. 1. 14.,대입분석,교육·입시정보,https://blog.naver.com/skills_in_math2/224146761394,2636,16,추출
224146741478,2025 세종대 수시등급 세종대학교 수시컷 학종 등급컷 입결 커트라인 면접일정,2026. 1. 14.,대입분석,교육·입시정보,https://blog.naver.com/skills_in_math2/224146741478,3410,21,추출
224146626213,"중계동 윈터스쿨, 계획을 ‘세우는 공부’에서 ‘끝내는 공부’로: 아침집중반 2주차 이야기",2026. 1. 14.,은행사거리점(직접 게시),수업·학습관리,https://blog.naver.com/skills_in_math2/224146626213,2644,18,추출
224138074118,중계동 수학의기술 은행사거리점 2026년 학습 몰입과 집중을 위한 면학표준 시행,2026. 1. 7.,은행사거리점(직접 게시),수업·학습관리,https://blog.naver.com/skills_in_math2/224138074118,2892,16,추출
224136728449,"중계동 윈터스쿨, 방학 아침을 책임지는 수학의기술 아침집중반 시작!",2026. 1. 6.,은행사거리점(직접 게시),소개·공지·기타,https://blog.naver.com/skills_in_math2/224136728449,2260,19,추출
224136491279,"📊 우리 아이 학원, ‘순공 시간’으로 확인하세요! 12월 순공랭킹 TOP10 발표",2026. 1. 6.,수학의기술 상위 카테고리,학습성과·후기,https://blog.naver.com/skills_in_math2/224136491279,1166,6,추출
224136490888,🏆수학의기술 은행사거리점 11월 순공랭킹 TOP 10 발표 !!🏆,2026. 1. 6.,수학의기술 상위 카테고리,학습성과·후기,https://blog.naver.com/skills_in_math2/224136490888,2043,6,추출
224124566926,2025 국민대 정시등급 국민대학교 정시컷 백분위 입결 커트라인,2025. 12. 27.,대입분석,교육·입시정보,https://blog.naver.com/skills_in_math2/224124566926,5336,22,추출
224124551688,2025 국민대 수시등급 국민대학교 수시컷 교과 등급컷 입결 커트라인 수능최저,2025. 12. 27.,대입분석,교육·입시정보,https://blog.naver.com/skills_in_math2/224124551688,3135,13,추출
224124544819,2025 국민대 수시등급 국민대학교 수시컷 학종 등급컷 입결 커트라인 면접일정,2025. 12. 27.,대입분석,교육·입시정보,https://blog.naver.com/skills_in_math2/224124544819,4092,16,추출
224124528218,2025 숙명여대 정시등급 숙명여자대학교 정시컷 백분위 입결 커트라인 숙대,2025. 12. 27.,대입분석,교육·입시정보,https://blog.naver.com/skills_in_math2/224124528218,4409,14,추출
224124518428,2025 숙명여대 수시등급 숙명여자대학교 수시컷 교과 등급컷 입결 커트라인 수능최저 숙대,2025. 12. 27.,대입분석,교육·입시정보,https://blog.naver.com/skills_in_math2/224124518428,2526,11,추출
224124506578,2025 숙명여대 수시등급 숙명여자대학교 수시컷 학종 등급컷 입결 커트라인 면접일정 숙대,2025. 12. 27.,대입분석,교육·입시정보,https://blog.naver.com/skills_in_math2/224124506578,5922,17,추출
224123868179,2025 홍대 정시등급 홍익대학교 정시컷 백분위 입결 커트라인,2025. 12. 26.,대입분석,교육·입시정보,https://blog.naver.com/skills_in_math2/224123868179,5993,13,추출
224123860207,2025 홍대 수시등급 홍익대학교 수시컷 교과 등급컷 입결 커트라인 수능최저,2025. 12. 26.,대입분석,교육·입시정보,https://blog.naver.com/skills_in_math2/224123860207,2648,12,추출
224123853442,2025 홍대 수시등급 홍익대학교 수시컷 학종 등급컷 입결 커트라인 면접일정,2025. 12. 26.,대입분석,교육·입시정보,https://blog.naver.com/skills_in_math2/224123853442,2152,15,추출
224123838974,2025 동국대 정시등급 동국대학교 정시컷 백분위 입결 커트라인,2025. 12. 26.,대입분석,교육·입시정보,https://blog.naver.com/skills_in_math2/224123838974,2826,18,추출
224123831759,2025 동국대 수시등급 동국대학교 수시컷 교과 등급컷 입결 커트라인 수능최저,2025. 12. 26.,대입분석,교육·입시정보,https://blog.naver.com/skills_in_math2/224123831759,2464,12,추출
224123823483,2025 동국대 수시등급 동국대학교 수시컷 학종 등급컷 입결 커트라인 면접일정,2025. 12. 26.,대입분석,교육·입시정보,https://blog.naver.com/skills_in_math2/224123823483,2429,18,추출
224122704768,2025 건국대 건대 정시등급 건국대학교 정시컷 백분위 입결 커트라인,2025. 12. 26.,대입분석,교육·입시정보,https://blog.naver.com/skills_in_math2/224122704768,5326,21,추출
224122695093,2025 건국대 건대 수시등급 건국대학교 수시컷 교과 등급컷 입결 커트라인 수능최저,2025. 12. 26.,대입분석,교육·입시정보,https://blog.naver.com/skills_in_math2/224122695093,2483,12,추출
224122687487,2025 건국대 건대 수시등급 건국대학교 수시컷 학종 등급컷 입결 커트라인 면접일정,2025. 12. 26.,대입분석,교육·입시정보,https://blog.naver.com/skills_in_math2/224122687487,2235,14,추출
224122669678,2025 이화여대 이대 정시등급 이화여대학교 정시컷 백분위 입결 커트라인,2025. 12. 25.,대입분석,교육·입시정보,https://blog.naver.com/skills_in_math2/224122669678,3157,14,추출
224122659877,2025 이화여대 이대 수시등급 이화여대학교 수시컷 교과 등급컷 입결 커트라인 수능최저,2025. 12. 25.,대입분석,교육·입시정보,https://blog.naver.com/skills_in_math2/224122659877,2942,13,추출
224122647897,2025 이화여대 이대 수시등급 이화여대학교 수시컷 학종 등급컷 입결 커트라인 면접일정,2025. 12. 25.,대입분석,교육·입시정보,https://blog.naver.com/skills_in_math2/224122647897,2969,22,추출
224122596551,2025 서울시립대 정시등급 서울시립대학교 정시컷 백분위 입결 커트라인,2025. 12. 25.,대입분석,교육·입시정보,https://blog.naver.com/skills_in_math2/224122596551,4195,15,추출
224122585873,2025 서울시립대 수시등급 서울시립대학교 수시컷 교과 등급컷 입결 커트라인 수능최저,2025. 12. 25.,대입분석,교육·입시정보,https://blog.naver.com/skills_in_math2/224122585873,2738,13,추출
224122573239,2025 서울시립대 수시등급 서울시립대학교 수시컷 학종 등급컷 입결 커트라인 면접일정,2025. 12. 25.,대입분석,교육·입시정보,https://blog.naver.com/skills_in_math2/224122573239,4011,18,추출
224106291758,"중계동 수학학원, 이차방정식과 이차함수... 어려운 중3 수학 이번 겨울방학에 한번에 끝내는 방법!!!",2025. 12. 12.,문의폭주개강소식,모집·개강,https://blog.naver.com/skills_in_math2/224106291758,3785,16,추출
224106050668,"중계동 수학학원, 예비중1 수학, 지금 시작하면 늦은 걸까요… 따라잡을 수 있는 방법이 있다면요?",2025. 12. 12.,문의폭주개강소식,모집·개강,https://blog.naver.com/skills_in_math2/224106050668,2930,13,추출
224106245214,"중계동 수학학원 확통, 벼락치기도 준비가 필요하다! 수학의기술 확률과 통계 개념응용 정복반",2025. 12. 12.,문의폭주개강소식,모집·개강,https://blog.naver.com/skills_in_math2/224106245214,2794,14,추출
224097031098,"중계동 수학학원 이번 겨울방학, “기하”는 반드시 끝내셔야 됩니다! 대진고 대진여고 선덕고 영신여고 청원여고 불암고 서라벌고 기하 개념 마스터 특강",2025. 12. 3.,문의폭주개강소식,모집·개강,https://blog.naver.com/skills_in_math2/224097031098,3968,16,추출
224094575756,"[중계동 윈터스쿨] 스마트폰 없이 3시간, 소수정예 1:1 과외식 수업 아침집중반 - 수학의기술 은행사거리점",2025. 12. 1.,문의폭주개강소식,모집·개강,https://blog.naver.com/skills_in_math2/224094575756,3379,13,추출
224092584527,2025 한국외대 정시등급 한국외국어대학교 정시컷 백분위 입결 커트라인,2025. 11. 29.,대입분석,교육·입시정보,https://blog.naver.com/skills_in_math2/224092584527,7890,18,추출
224092562047,2025 한국외대 수시등급 한국외국어대학교 수시컷 교과 등급컷 입결 커트라인 수능최저,2025. 11. 29.,대입분석,교육·입시정보,https://blog.naver.com/skills_in_math2/224092562047,2792,16,추출
224092476913,2025 한국외대 수시등급 한국외국어대학교 수시컷 학종 등급컷 입결 커트라인 면접일정,2025. 11. 29.,대입분석,교육·입시정보,https://blog.naver.com/skills_in_math2/224092476913,4477,24,추출
224092449370,2025 경희대 정시등급 경희대학교 정시컷 백분위 입결 커트라인,2025. 11. 29.,대입분석,교육·입시정보,https://blog.naver.com/skills_in_math2/224092449370,11188,16,추출
224092430380,2025 경희대 수시등급 경희대학교 수시컷 교과 등급컷 입결 커트라인 수능최저,2025. 11. 29.,대입분석,교육·입시정보,https://blog.naver.com/skills_in_math2/224092430380,4957,12,추출
224092416612,2025 경희대 수시등급 경희대학교 수시컷 학종 등급컷 입결 커트라인 면접일정 네오르네상스 뜻,2025. 11. 29.,대입분석,교육·입시정보,https://blog.naver.com/skills_in_math2/224092416612,4981,15,추출
224091643005,2025 중앙대 정시등급 중앙대학교 정시컷 백분위 입결 커트라인,2025. 11. 28.,대입분석,교육·입시정보,https://blog.naver.com/skills_in_math2/224091643005,6947,15,추출
224091629824,2025 중앙대 수시등급 중앙대학교 수시컷 교과 등급컷 입결 커트라인 수능최저,2025. 11. 28.,대입분석,교육·입시정보,https://blog.naver.com/skills_in_math2/224091629824,2082,14,추출
224091591459,2025 중앙대 수시등급 중앙대학교 수시컷 학종 등급컷 입결 커트라인 면접일정,2025. 11. 28.,대입분석,교육·입시정보,https://blog.naver.com/skills_in_math2/224091591459,3890,17,추출
224091466142,2025 서강대 정시등급 서강대학교 정시컷 백분위 입결 커트라인,2025. 11. 28.,대입분석,교육·입시정보,https://blog.naver.com/skills_in_math2/224091466142,3561,22,추출
224091432040,2025 서강대 수시등급 서강대학교 수시컷 교과 등급컷 입결 커트라인 수능최저,2025. 11. 28.,대입분석,교육·입시정보,https://blog.naver.com/skills_in_math2/224091432040,2554,14,추출
224091408300,"중계동 고등수학학원, 예비고1 겨울방학 한 번으로 고등 3년 틀 잡는 동계방학특강",2025. 11. 28.,은행사거리점(직접 게시),모집·개강,https://blog.naver.com/skills_in_math2/224091408300,2959,16,추출
224091391868,2025 서강대 수시등급 서강대학교 수시컷 학종 등급컷 입결 커트라인 면접일정,2025. 11. 28.,대입분석,교육·입시정보,https://blog.naver.com/skills_in_math2/224091391868,1952,16,추출
224090396296,2025 한양대 정시등급 한양대학교 정시컷 백분위 입결 커트라인,2025. 11. 27.,대입분석,교육·입시정보,https://blog.naver.com/skills_in_math2/224090396296,6124,23,추출
224090360514,2025 한양대 수시등급 한양대학교 수시컷 교과 등급컷 입결 커트라인 수능최저,2025. 11. 27.,대입분석,교육·입시정보,https://blog.naver.com/skills_in_math2/224090360514,3201,18,추출
224090344849,2025 한양대 수시등급 한양대학교 수시컷 학종 등급컷 입결 커트라인 면접일정,2025. 11. 27.,대입분석,교육·입시정보,https://blog.naver.com/skills_in_math2/224090344849,4319,20,추출
224090228684,2025 성균관대 정시등급 성균관대학교 정시컷 백분위 입결 커트라인,2025. 11. 27.,대입분석,교육·입시정보,https://blog.naver.com/skills_in_math2/224090228684,4756,30,추출
224090195143,2025 성균관대 수시등급 성균관대학교 수시컷 교과 등급컷 입결 커트라인 수능최저,2025. 11. 27.,대입분석,교육·입시정보,https://blog.naver.com/skills_in_math2/224090195143,2742,16,추출
224090173043,2025 성균관대 수시등급 성균관대학교 수시컷 학종 등급컷 입결 커트라인,2025. 11. 27.,대입분석,교육·입시정보,https://blog.naver.com/skills_in_math2/224090173043,2989,12,추출
224089262800,2025 고려대 정시등급 고려대학교 정시컷 백분위 입결 커트라인,2025. 11. 26.,대입분석,교육·입시정보,https://blog.naver.com/skills_in_math2/224089262800,6897,19,추출
224089241643,2025 고려대 수시등급 고려대학교 수시컷 교과 등급컷 입결 커트라인 수능최저,2025. 11. 26.,대입분석,교육·입시정보,https://blog.naver.com/skills_in_math2/224089241643,4079,12,추출
224088986596,2025 고려대 수시등급 고려대학교 수시컷 학종 등급컷 입결 커트라인,2025. 11. 26.,대입분석,교육·입시정보,https://blog.naver.com/skills_in_math2/224088986596,4602,17,추출
224088893950,중계동 수학학원 중2 수학이 막히는 이유? 수학의기술 방정식•부등식 동계특강으로 대비하기,2025. 11. 26.,문의폭주개강소식,모집·개강,https://blog.naver.com/skills_in_math2/224088893950,3030,15,추출
224088074645,"중계동 초등수학학원 서술형만 보면 멈춘 내 아이. 겨울방학 10회, 필즈수학(초급)으로 서술형 사고력 UP",2025. 11. 26.,은행사거리점(직접 게시),소개·공지·기타,https://blog.naver.com/skills_in_math2/224088074645,5296,18,추출
224082737118,"중계동 수학학원 수학의기술, 은행사거리점 2026 동계특강 소식 확인하기📣",2025. 11. 21.,은행사거리점(직접 게시),모집·개강,https://blog.naver.com/skills_in_math2/224082737118,5788,14,추출
224081423914,[현장스케치]올해 수학은 여기서 결정됩니다! 수학의기술 예비중 전학년 설명회 생생 후기📚,2025. 11. 19.,은행사거리점(직접 게시),학습성과·후기,https://blog.naver.com/skills_in_math2/224081423914,2454,26,추출
224079749564,12월 2일 개강 ! 수학의기술 은행사거리점 예비고1 시간표 대공개 :D,2025. 11. 18.,은행사거리점(직접 게시),모집·개강,https://blog.naver.com/skills_in_math2/224079749564,1732,8,추출
224076077389,중계동 겨울방학 윈터스쿨 수학의기술 아침집중반으로 새학기 선점하기!,2025. 11. 17.,은행사거리점(직접 게시),소개·공지·기타,https://blog.naver.com/skills_in_math2/224076077389,3022,17,추출
224072433053,🔥수학의기술 고1을 위한 기말 대비 ‘기출 FINAL’ 재원생 한정 특강 OPEN~!,2025. 11. 11.,은행사거리점(직접 게시),모집·개강,https://blog.naver.com/skills_in_math2/224072433053,2211,9,추출
224072428875,⚡ “예비고1부터 다르다!” 반배치고사로 시작하는 진짜 고등 수학 첫걸음 ✏️,2025. 11. 11.,은행사거리점(직접 게시),소개·공지·기타,https://blog.naver.com/skills_in_math2/224072428875,2659,11,추출
224072338396,"중계동 은행사거리 수학의기술, 2학기도 꼼꼼하고 완벽하게 마무리,12월 개강반을 소개합니다. 👏",2025. 11. 11.,은행사거리점(직접 게시),모집·개강,https://blog.naver.com/skills_in_math2/224072338396,2755,12,추출
224068989909,🎯고입의 승패는 중등에서 결정난다! 예비중1.2.3을 위한 성공 고입설계 설명회 개최,2025. 11. 8.,은행사거리점(직접 게시),모집·개강,https://blog.naver.com/skills_in_math2/224068989909,2079,13,추출
224068516706,"[중간고사 결과 공개] 수학의기술 고등부, 2학기 중간고사 씹어먹었다.💥🔥",2025. 11. 8.,은행사거리점(직접 게시),시험분석·대비,https://blog.naver.com/skills_in_math2/224068516706,1516,25,추출
224064688608,"📚 거기 중3, 졸업고사 끝? 예비고1 시작이지-! 알짜배기 고등 심화특강 대개강!",2025. 11. 4.,은행사거리점(직접 게시),모집·개강,https://blog.naver.com/skills_in_math2/224064688608,1466,8,추출
224064686576,🏆✨ 10월 수학의기술 은행사거리점 순공랭킹 발표!!,2025. 11. 4.,은행사거리점(직접 게시),학습성과·후기,https://blog.naver.com/skills_in_math2/224064686576,1026,8,추출
224063609875,"[현장스케치] 발 디딜 틈 없던 수학의기술 2차 입시설명회🎓  2025 고등학교 입시, 남·여학교 방향 완전정리!",2025. 11. 3.,은행사거리점(직접 게시),모집·개강,https://blog.naver.com/skills_in_math2/224063609875,2949,14,추출
224060619655,2025 연세대 정시등급 연세대학교 정시컷 백분위 입결 커트라인,2025. 10. 31.,대입분석,교육·입시정보,https://blog.naver.com/skills_in_math2/224060619655,7416,17,추출
224060591311,2025 연세대 수시등급 연세대학교 수시컷 교과 등급컷 입결 커트라인 수능최저,2025. 10. 31.,대입분석,교육·입시정보,https://blog.naver.com/skills_in_math2/224060591311,3957,15,추출
224060581054,"[현장스케치] 입시 열기 폭발🔥 2025 수학의기술 고등학교 1차 입시설명회, 남·여학교 완전 분석!",2025. 10. 31.,은행사거리점(직접 게시),모집·개강,https://blog.naver.com/skills_in_math2/224060581054,2571,21,추출
224060573934,2025 연세대 수시등급 연세대학교 수시컷 학종 등급컷 입결 커트라인,2025. 10. 31.,대입분석,교육·입시정보,https://blog.naver.com/skills_in_math2/224060573934,2616,13,추출
224060545183,2025 서울대 정시 입결 정시등급 서울대학교 정시컷 커트라인,2025. 10. 31.,대입분석,교육·입시정보,https://blog.naver.com/skills_in_math2/224060545183,5325,19,추출
224060509812,2025 서울대 수시등급 서울대학교 수시컷 학생부종합전형 학종 지균 입결 커트라인,2025. 10. 31.,대입분석,교육·입시정보,https://blog.naver.com/skills_in_math2/224060509812,5910,28,추출
224056285552,🗓️ 2027학년도 수능·모의고사·대입 일정 발표 📚,2025. 10. 28.,은행사거리점(직접 게시),소개·공지·기타,https://blog.naver.com/skills_in_math2/224056285552,1619,10,추출
224044620822,"내일이 수능이라면, 이 글만은 꼭 봐! 🥰수학의 기술이 전하는 수험생 지침서",2025. 10. 17.,은행사거리점(직접 게시),소개·공지·기타,https://blog.naver.com/skills_in_math2/224044620822,2357,9,추출
224043240547,올해도 돌아온 수학의기술 은행사거리점 '2026 고등학교 어디가?! 예비고1을 위한 고입 설명회' !!,2025. 10. 16.,은행사거리점(직접 게시),모집·개강,https://blog.naver.com/skills_in_math2/224043240547,1581,4,추출
224036888237,🏆수학의기술 은행사거리점 9월의 순공랭킹 TOP 10 !🏆,2025. 10. 10.,은행사거리점(직접 게시),학습성과·후기,https://blog.naver.com/skills_in_math2/224036888237,1674,6,추출
224000502622,수학의기술 은행사거리점 🎓 8월 순공랭킹 top 10🎓 을 공개합니다 !,2025. 9. 8.,은행사거리점(직접 게시),학습성과·후기,https://blog.naver.com/skills_in_math2/224000502622,1667,5,추출
223996680907,"은행사거리 수학학원, 맞춤형 지도와 성적 향상의 시작!",2025. 9. 5.,은행사거리점(직접 게시),소개·공지·기타,https://blog.naver.com/skills_in_math2/223996680907,1519,10,추출
223995531248,"결과로 증명하는 수학의기술 , 2025 2학기 중간고사대비 고1 기출 FINAL 특강 대개강!",2025. 9. 4.,은행사거리점(직접 게시),모집·개강,https://blog.naver.com/skills_in_math2/223995531248,1726,7,추출
223969733174,중계동 은행사거리 수학의기술에서 2학기도 꼼꼼하고 완벽하게 대비하자 !  (9월 개강반 안내),2025. 8. 13.,은행사거리점(직접 게시),모집·개강,https://blog.naver.com/skills_in_math2/223969733174,1650,6,추출
223958687669,📚 [7월 순공랭킹 TOP10 공개🔥]  당신의 순공 시간은 몇 시간인가요?,2025. 8. 4.,은행사거리점(직접 게시),학습성과·후기,https://blog.naver.com/skills_in_math2/223958687669,1623,5,추출
223945930832,가천대 정시모집요강 반영비율 2026 가천대학교 입학전형 정시 신입학,2025. 7. 24.,모집요강,교육·입시정보,https://blog.naver.com/skills_in_math2/223945930832,2067,5,추출
223945930365,가천대 학종 교과 수능최저 수시 2026 가천대학교 입학전형 수시모집요강,2025. 7. 24.,모집요강,교육·입시정보,https://blog.naver.com/skills_in_math2/223945930365,2357,6,추출
223944614464,세종대 정시모집요강 반영비율 2026 세종대학교 입학전형 정시 신입학,2025. 7. 23.,모집요강,교육·입시정보,https://blog.naver.com/skills_in_math2/223944614464,2109,12,추출
223944607249,세종대 학종 교과 수능최저 수시 2026 세종대학교 입학전형 수시모집요강,2025. 7. 23.,모집요강,교육·입시정보,https://blog.naver.com/skills_in_math2/223944607249,1945,12,추출
223938763737,"🔥1등급은 이렇게 만들어진다! 수학의기술 고등부, 2025 1학기 성적 대공개 🔥",2025. 7. 18.,은행사거리점(직접 게시),소개·공지·기타,https://blog.naver.com/skills_in_math2/223938763737,1991,7,추출
223936329628,"중계동 수학학원 수학의기술, 친구한테 소문내고 수강료 할인받자! >>앵콜-! 게릴라 이벤트<<",2025. 7. 16.,은행사거리점(직접 게시),이벤트·행사,https://blog.naver.com/skills_in_math2/223936329628,1908,8,추출
223933528241,"중계동 수학학원 수학의기술, 미래설계과정 점검도 빠짐없이! 1차 인증시험 안내📚🔥",2025. 7. 14.,은행사거리점(직접 게시),소개·공지·기타,https://blog.naver.com/skills_in_math2/223933528241,1036,6,추출
223933525336,"중계동 내신전문 수학학원 수학의기술, 2학기 현행심화 수업 대공개🔥",2025. 7. 14.,은행사거리점(직접 게시),수업·학습관리,https://blog.naver.com/skills_in_math2/223933525336,1894,8,추출
223924171945,"📢예비고1, 수학을 도와줘-! 중계동 수학학원 수학의기술 공통수학1 스타터를 위한 중3 전용 커리큘럼 OPEN🚨",2025. 7. 7.,은행사거리점(직접 게시),소개·공지·기타,https://blog.naver.com/skills_in_math2/223924171945,2507,12,추출
223922188697,"중계 은행사거리 수학의 기술 , 6월의 순공랭킹 top 10 공개 !",2025. 7. 4.,은행사거리점(직접 게시),학습성과·후기,https://blog.naver.com/skills_in_math2/223922188697,1472,5,추출
223917231052,홍대 정시모집요강 반영비율 2026 홍익대학교 입학전형 정시 신입학,2025. 6. 30.,모집요강,교육·입시정보,https://blog.naver.com/skills_in_math2/223917231052,1915,9,추출
223917225144,홍대 학종 교과 수능최저 수시 2026 홍익대학교 입학전형 수시모집요강,2025. 6. 30.,모집요강,교육·입시정보,https://blog.naver.com/skills_in_math2/223917225144,1975,12,추출
223917177566,국민대 정시모집요강 반영비율 2026 국민대학교 입학전형 정시 신입학,2025. 6. 30.,모집요강,교육·입시정보,https://blog.naver.com/skills_in_math2/223917177566,1952,10,추출
223917177361,국민대 학종 교과 수능최저 수시 2026 국민대학교 입학전형 수시모집요강,2025. 6. 30.,모집요강,교육·입시정보,https://blog.naver.com/skills_in_math2/223917177361,1987,10,추출
223917176993,숙명여대 정시모집요강 반영비율 2026 숙명여자대학교 입학전형 정시 신입학,2025. 6. 30.,모집요강,교육·입시정보,https://blog.naver.com/skills_in_math2/223917176993,1904,6,추출
223917176812,숙명여대 학종 교과 수능최저 수시 2026 숙명여자대학교 입학전형 수시모집요강,2025. 6. 30.,모집요강,교육·입시정보,https://blog.naver.com/skills_in_math2/223917176812,2141,6,추출
223916977715,동국대 정시모집요강 반영비율 2026 동국대학교 입학전형 정시 신입학,2025. 6. 30.,모집요강,교육·입시정보,https://blog.naver.com/skills_in_math2/223916977715,1667,10,추출
223916973034,동국대 학종 교과 수능최저 수시 2026 동국대학교 입학전형 수시모집요강,2025. 6. 30.,모집요강,교육·입시정보,https://blog.naver.com/skills_in_math2/223916973034,1838,12,추출
223915975673,건국대 정시모집요강 반영비율 2026 건국대학교 입학전형 정시 신입학,2025. 6. 29.,모집요강,교육·입시정보,https://blog.naver.com/skills_in_math2/223915975673,2247,5,추출
223915975338,건국대 학종 교과 수능최저 수시 2026 건국대학교 입학전형 수시모집요강,2025. 6. 29.,모집요강,교육·입시정보,https://blog.naver.com/skills_in_math2/223915975338,2018,7,추출
223915920953,이화여대 정시모집요강 반영비율 2026 이화여자대학교 입학전형 정시 신입학,2025. 6. 29.,모집요강,교육·입시정보,https://blog.naver.com/skills_in_math2/223915920953,1969,13,추출
223915920153,이화여대 학종 교과 수능최저 수시 2026 이화여자대학교 입학전형 수시모집요강,2025. 6. 29.,모집요강,교육·입시정보,https://blog.naver.com/skills_in_math2/223915920153,2832,10,추출
223915859661,서울시립대 정시모집요강 반영비율 2026 서울시립대학교 입학전형 정시 신입학,2025. 6. 29.,모집요강,교육·입시정보,https://blog.naver.com/skills_in_math2/223915859661,1874,5,추출
223915857909,서울시립대 학종 교과 수능최저 수시 2026 서울시립대학교 입학전형 수시모집요강,2025. 6. 29.,모집요강,교육·입시정보,https://blog.naver.com/skills_in_math2/223915857909,1999,5,추출
223915719843,한국외대 정시모집요강 반영비율 2026 한국외대학교 입학전형 정시 신입학,2025. 6. 29.,모집요강,교육·입시정보,https://blog.naver.com/skills_in_math2/223915719843,2605,4,추출
223915714629,한국외대 학종 교과 수능최저 수시 2026 한국외대학교 입학전형 수시모집요강,2025. 6. 29.,모집요강,교육·입시정보,https://blog.naver.com/skills_in_math2/223915714629,3169,5,추출
223914261013,경희대 정시모집요강 반영비율 2026 경희대학교 입학전형 정시 신입학,2025. 6. 28.,모집요강,교육·입시정보,https://blog.naver.com/skills_in_math2/223914261013,1841,10,추출
223914247409,경희대 학종 교과 수능최저 수시 2026 경희대학교 입학전형 수시모집요강,2025. 6. 28.,모집요강,교육·입시정보,https://blog.naver.com/skills_in_math2/223914247409,2083,6,추출
223913063694,중앙대 정시모집요강 반영비율 2026 중앙대학교 입학전형 정시 신입학,2025. 6. 27.,모집요강,교육·입시정보,https://blog.naver.com/skills_in_math2/223913063694,2016,7,추출
223913063056,중앙대 학종 교과 수능최저 수시 2026 중앙대학교 입학전형 수시모집요강,2025. 6. 27.,모집요강,교육·입시정보,https://blog.naver.com/skills_in_math2/223913063056,2296,4,추출
223912268292,🏆 중계 수학의기술 은행사거리점 고등부 1학기 중간고사 성과 발표 ! 🏆,2025. 6. 26.,은행사거리점(직접 게시),학습성과·후기,https://blog.naver.com/skills_in_math2/223912268292,1395,27,추출
223906653043,✏️ 수학의기술 은행사거리점 중등부 2학기 대비 반배치고사 실시 안내 🔥,2025. 6. 21.,은행사거리점(직접 게시),소개·공지·기타,https://blog.naver.com/skills_in_math2/223906653043,1457,7,추출
223906651984,💥 2학기 새출발! 고1·고2 반배치고사 실시 안내,2025. 6. 21.,은행사거리점(직접 게시),소개·공지·기타,https://blog.naver.com/skills_in_math2/223906651984,1216,5,추출
223904104207,"2025고1, 대진여고 선택과목 설명회로 달라지는 고2 수학? 대진여고 수학학원도 역시 수학의기술♥",2025. 6. 19.,은행사거리점(직접 게시),모집·개강,https://blog.naver.com/skills_in_math2/223904104207,2342,8,추출
223903997701,"🔥2주도 채 안 남은 1학기 기말고사 최종 점검, 수학의기술에서는 개별 맞춤 응급솔루션 진행 ! 🔥",2025. 6. 19.,은행사거리점(직접 게시),시험분석·대비,https://blog.naver.com/skills_in_math2/223903997701,1060,5,추출
223901242593,"중계동 수학학원 수학의기술, 앞서가는 2학기 준비는 물론 개강맞이 이벤트까지-! 친구 소개하면 포인트가 와르르!",2025. 6. 16.,은행사거리점(직접 게시),모집·개강,https://blog.naver.com/skills_in_math2/223901242593,1479,6,추출
223893988472,"🌞2025 여름방학, 완벽한 플랜으로 수학 실력 키울 절호의 기회! 수학 전문학원 수학의기술 2025 하계특강 OPEN!",2025. 6. 10.,은행사거리점(직접 게시),모집·개강,https://blog.naver.com/skills_in_math2/223893988472,3097,7,추출
223892362587,[성적상승 학생후기]중계동 수학학원 수학의기술에서는 성적이 오를 수밖에 없다. 실제 학생 후기를 통한 증명된 비법 공개📈,2025. 6. 9.,수학의기술 상위 카테고리,학습성과·후기,https://blog.naver.com/skills_in_math2/223892362587,2079,7,추출
223892360409,"[성적상승 학생후기]중계동 중학교를 꽉 잡은 수학학원, 수학의기술에서 달라진 태랑중 학생의 성적상승 학생후기🌱",2025. 6. 8.,은행사거리점(직접 게시),학습성과·후기,https://blog.naver.com/skills_in_math2/223892360409,2349,8,추출
223887415525,🎯실전이 곧 실력! 수학의기술 고1 6모 대비 특강 현장 전격 공개✍️,2025. 6. 3.,은행사거리점(직접 게시),모집·개강,https://blog.naver.com/skills_in_math2/223887415525,2417,12,추출
223885061306,"🎯 집중력 만렙! 수학의기술 5월 순공랭킹 TOP10, 여기에 다 모였다!",2025. 6. 1.,은행사거리점(직접 게시),학습성과·후기,https://blog.naver.com/skills_in_math2/223885061306,1440,6,추출
223884473186,서강대 정시모집요강 반영비율 2026 서강대학교 입학전형 정시 신입학,2025. 5. 31.,모집요강,교육·입시정보,https://blog.naver.com/skills_in_math2/223884473186,1506,6,추출
223884473021,서강대 학종 교과 수능최저 수시 2026 서강대학교 입학전형 수시모집요강,2025. 5. 31.,모집요강,교육·입시정보,https://blog.naver.com/skills_in_math2/223884473021,1740,7,추출
223884431605,고려대 정시모집요강 반영비율 2026 고려대학교 입학전형 정시 신입학,2025. 5. 31.,모집요강,교육·입시정보,https://blog.naver.com/skills_in_math2/223884431605,2095,8,추출
223884431306,고려대 학종 교과 수능최저 수시 2026 고려대학교 입학전형 수시모집요강,2025. 5. 31.,모집요강,교육·입시정보,https://blog.naver.com/skills_in_math2/223884431306,1800,7,추출
223884404322,연세대 정시모집요강 반영비율 2026 연세대학교 입학전형 정시 신입학,2025. 5. 31.,모집요강,교육·입시정보,https://blog.naver.com/skills_in_math2/223884404322,1754,8,추출
223884403911,연세대 학종 교과 수능최저 수시 2026 연세대학교 입학전형 수시모집요강,2025. 5. 31.,모집요강,교육·입시정보,https://blog.naver.com/skills_in_math2/223884403911,2006,17,추출
223884329814,한양대 정시모집요강 반영비율 2026 한양대학교 입학전형 정시 신입학,2025. 5. 31.,모집요강,교육·입시정보,https://blog.naver.com/skills_in_math2/223884329814,2082,14,추출
223884329561,한양대 학종 교과 수능최저 수시 2026 한양대학교 입학전형 수시모집요강,2025. 5. 31.,모집요강,교육·입시정보,https://blog.naver.com/skills_in_math2/223884329561,2053,11,추출
223884298998,성균관대 정시모집요강 반영비율 2026 성균관대학교 입학전형 정시 신입학,2025. 5. 31.,모집요강,교육·입시정보,https://blog.naver.com/skills_in_math2/223884298998,2220,8,추출
223884298954,성균관대 학종 교과 수능최저 수시 2026 성균관대학교 입학전형 수시모집요강,2025. 5. 31.,모집요강,교육·입시정보,https://blog.naver.com/skills_in_math2/223884298954,2496,8,추출
223884254536,서울대 학종 교과 수능최저 정시 2026 서울대학교 입학전형 정시모집요강,2025. 5. 31.,모집요강,교육·입시정보,https://blog.naver.com/skills_in_math2/223884254536,1664,15,추출
223884205802,서울대 학종 교과 수능최저 수시 2026 서울대학교 입학전형 수시모집요강,2025. 5. 31.,모집요강,교육·입시정보,https://blog.naver.com/skills_in_math2/223884205802,3356,14,추출
223882169502,🏆 중1 수기고사 수상자 발표!,2025. 5. 29.,은행사거리점(직접 게시),소개·공지·기타,https://blog.naver.com/skills_in_math2/223882169502,1593,7,추출
223882168139,🎉 25년 상반기 2차 심화평가 정기고사 중등부 수상자 발표!,2025. 5. 29.,은행사거리점(직접 게시),소개·공지·기타,https://blog.naver.com/skills_in_math2/223882168139,1284,7,추출
223881859841,🎉 25년 상반기 2차 심화평가 정기고사 초등부 수상자 발표!,2025. 5. 29.,은행사거리점(직접 게시),소개·공지·기타,https://blog.naver.com/skills_in_math2/223881859841,1221,7,추출
223881856848,[성적상승 학생후기] 학교별 기출로 실전 완벽 대비! 대진여고 1학년 학생의 중간고사 1등급 비결 대공개✨,2025. 5. 29.,은행사거리점(직접 게시),학습성과·후기,https://blog.naver.com/skills_in_math2/223881856848,2343,9,추출
223879754654,"기말고사가 남았다,진짜 승부는 지금부터🔥!중계동 수학학원 수학의기술에서 우리학교 딱 맞는 기출 FINAL 무료특강 실시👩‍🏫",2025. 5. 27.,은행사거리점(직접 게시),모집·개강,https://blog.naver.com/skills_in_math2/223879754654,1605,6,추출
223879689522,"[성적상승 학생후기] 준비는 다르게, 결과는 완벽하게! 을지중3 학생의 100점 비결 대공개✨",2025. 5. 27.,은행사거리점(직접 게시),학습성과·후기,https://blog.naver.com/skills_in_math2/223879689522,1587,4,추출
223878560671,"[성적상승 학생후기]✨ 전교 1등 비법?! 청원여고3 학생의 성적 상승 비결 대공개! ✨25년 1학기 중간고사 전교 1등(단독), 서술형 만점, 1등급(확정)!",2025. 5. 26.,은행사거리점(직접 게시),학습성과·후기,https://blog.naver.com/skills_in_math2/223878560671,2110,8,추출
223874488969,[성적상승 학생후기] 꾸준한 기출 훈련으로 1등급 받는 수학의기술,2025. 5. 25.,은행사거리점(직접 게시),학습성과·후기,https://blog.naver.com/skills_in_math2/223874488969,1598,6,추출
223874487569,[성적상승 학생후기] 사고의 힘을 키워 등급을 바꾸는 수학의기술✨,2025. 5. 24.,은행사거리점(직접 게시),학습성과·후기,https://blog.naver.com/skills_in_math2/223874487569,1864,6,추출
223875486410,"중계동 수학학원 수학의기술, 티처스에 수학의기술이 나온다면~?",2025. 5. 23.,은행사거리점(직접 게시),소개·공지·기타,https://blog.naver.com/skills_in_math2/223875486410,1934,19,추출
223873532575,[성적상승 학생후기]서라벌고 1등급 비법은 수학의기술⭐,2025. 5. 23.,은행사거리점(직접 게시),학습성과·후기,https://blog.naver.com/skills_in_math2/223873532575,1670,6,추출
223873524954,[성적상승 학생후기] 치밀한 오답관리로 만점받는 수학의기술✨,2025. 5. 22.,은행사거리점(직접 게시),학습성과·후기,https://blog.naver.com/skills_in_math2/223873524954,1814,6,추출
223873518401,[성적상승 학생후기]공부 습관 다잡는 비법은 수학의기술✨,2025. 5. 21.,은행사거리점(직접 게시),학습성과·후기,https://blog.naver.com/skills_in_math2/223873518401,1692,6,추출
223873104286,중계동 수학학원 수학의기술 재원생 한정🤫 고1을 위한 6월 모의고사 무료 특강🎯,2025. 5. 21.,은행사거리점(직접 게시),모집·개강,https://blog.naver.com/skills_in_math2/223873104286,1398,6,추출
223871796360,"🎓 개념부터 응용, 내신까지! 수학의기술 Session.2 개강반 모집 중📚",2025. 5. 20.,은행사거리점(직접 게시),모집·개강,https://blog.naver.com/skills_in_math2/223871796360,1548,10,추출
223870883387,"상명중학교 수학 내신, 지금 시작해야 하는 이유! 내신전문반으로 완벽 케어✔",2025. 5. 19.,은행사거리점(직접 게시),소개·공지·기타,https://blog.naver.com/skills_in_math2/223870883387,1769,5,추출
223869106818,🎁성적상승? 비법을 알려주마-! 다시 돌아온 재원생 EVENT!🎁,2025. 5. 18.,은행사거리점(직접 게시),학습성과·후기,https://blog.naver.com/skills_in_math2/223869106818,1452,6,추출
223869102584,"🎯 중등 수학, 판을 바꾼다! 중계동 수학학원 수학의기술 은행사거리점 S2반 대개강!",2025. 5. 18.,은행사거리점(직접 게시),모집·개강,https://blog.naver.com/skills_in_math2/223869102584,1559,7,추출
223856750159,"🎉 순공 랭킹 TOP 10! 수학의기술 공부왕들, 정말 대단해요!! 🎉",2025. 5. 6.,은행사거리점(직접 게시),학습성과·후기,https://blog.naver.com/skills_in_math2/223856750159,1415,7,추출
223851604270,"[중계동 수학학원] 고등내신은 중간+기말 합산이다! 꺾이지 않을 기말고사, 수학의기술은 계획이 다 있다구-!",2025. 5. 1.,은행사거리점(직접 게시),시험분석·대비,https://blog.naver.com/skills_in_math2/223851604270,1951,21,추출
223817913699,중계동 수학학원 수학의기술 은행사거리점 3월의 최강자는 누구? 3월 순공랭킹 TOP10 발표 🏆,2025. 4. 1.,은행사거리점(직접 게시),학습성과·후기,https://blog.naver.com/skills_in_math2/223817913699,1360,9,추출
223811952954,"3월 모의고사 끝, 진짜 승부는 지금부터🔥!중계동 수학학원 수학의기술에서 우리학교 딱 맞는 기출 FINAL 무료특강 실시👩‍🏫",2025. 3. 27.,문의폭주개강소식,모집·개강,https://blog.naver.com/skills_in_math2/223811952954,1545,8,추출
223804039805,수학의기술 전지점 학습시간 랭킹이벤트 결과 대-공개⭐! 1등 그 주인공은 누구?!,2025. 3. 20.,은행사거리점(직접 게시),수업·학습관리,https://blog.naver.com/skills_in_math2/223804039805,1312,15,추출
223802567524,"중계동 HOT한 수학학원 수학의기술, 개강과 동시에 마감강좌 속출🔥한 발 늦은 널 위한 추가강좌 OPEN📢",2025. 3. 19.,문의폭주개강소식,모집·개강,https://blog.naver.com/skills_in_math2/223802567524,1864,9,추출
223802331114,중계동 수학학원 수학의기술 중1 자유학기제 완벽하게 파악하고 시험대비까지 철저히-!,2025. 3. 19.,은행사거리점(직접 게시),시험분석·대비,https://blog.naver.com/skills_in_math2/223802331114,1585,9,추출
223799363461,🍫 HAPPY 파이 DAY! 원주율을 외우고 초코파이 받자! 🍫,2025. 3. 17.,은행사거리점(직접 게시),소개·공지·기타,https://blog.naver.com/skills_in_math2/223799363461,1547,20,추출
223786268047,중계동 수학학원 수학의기술 은행사거리점 2월 순공 랭킹 TOP10 발표 🎇,2025. 3. 6.,은행사거리점(직접 게시),학습성과·후기,https://blog.naver.com/skills_in_math2/223786268047,1259,8,추출
223784754656,"중계동 수학학원 수학의기술, 계획형 중등수학의 시작, 중 1-1 과정반 신규 개설!",2025. 3. 5.,문의폭주개강소식,모집·개강,https://blog.naver.com/skills_in_math2/223784754656,1097,6,추출
223783862595,"중계동 중등수학학원 수학의기술, 불암중 내신전문반👩‍🏫 OPEN!",2025. 3. 5.,문의폭주개강소식,모집·개강,https://blog.naver.com/skills_in_math2/223783862595,1568,11,추출
223778496895,2025 한양대 에리카 약대 정시컷 정시등급 모집요강 한양대학교 에리카,2025. 2. 28.,대입분석,교육·입시정보,https://blog.naver.com/skills_in_math2/223778496895,3265,7,추출
223778486238,2025 한양대 에리카 약대 약학과 수시 입결 수시등급 모집요강 수능최저 한양대학교,2025. 2. 28.,대입분석,교육·입시정보,https://blog.naver.com/skills_in_math2/223778486238,2690,7,추출
223778426382,2025 한림대 의대 약대 수의대 정시컷 정시등급 모집요강 한림대학교,2025. 2. 28.,대입분석,교육·입시정보,https://blog.naver.com/skills_in_math2/223778426382,2918,7,추출
223778412625,2025 한림대 의대 의예과 수시 입결 수시등급 모집요강 수능최저 한림대학교,2025. 2. 28.,대입분석,교육·입시정보,https://blog.naver.com/skills_in_math2/223778412625,2318,16,추출
223778364433,2025 충북대 의대 약대 수의대 정시컷 정시등급 모집요강 충북대학교,2025. 2. 28.,대입분석,교육·입시정보,https://blog.naver.com/skills_in_math2/223778364433,2199,11,추출
223778335220,2025 충북대 의대 약대 수의대 수시 입결 수시등급 모집요강 수능최저 충북대학교,2025. 2. 28.,대입분석,교육·입시정보,https://blog.naver.com/skills_in_math2/223778335220,2571,11,추출
223776694123,2025 충남대 의대 약대 수의대 정시컷 정시등급 모집요강 충남대학교,2025. 2. 27.,대입분석,교육·입시정보,https://blog.naver.com/skills_in_math2/223776694123,2878,14,추출
223776678909,2025 충남대 의대 약대 수의대 수시 입결 수시등급 모집요강 수능최저 충남대학교,2025. 2. 27.,대입분석,교육·입시정보,https://blog.naver.com/skills_in_math2/223776678909,4196,13,추출
223776566415,2025 차의과학대 의대 약대 약학과 정시컷 정시등급 모집요강 차의과학대학교,2025. 2. 27.,대입분석,교육·입시정보,https://blog.naver.com/skills_in_math2/223776566415,1911,6,추출
223776540727,2025 차의과학대 의대 약대 약학과 수시 입결 수시등급 모집요강 수능최저 차의과학대학교,2025. 2. 27.,대입분석,교육·입시정보,https://blog.naver.com/skills_in_math2/223776540727,3221,11,추출
223776516146,2025 조선대 의대 약대 치대 정시 입결 정시컷 정시등급 모집요강 조선대학교,2025. 2. 27.,대입분석,교육·입시정보,https://blog.naver.com/skills_in_math2/223776516146,4020,9,추출
223776430013,2025 조선대 의대 치대 약대 수시 입결 수시등급 모집요강 수능최저 조선대학교,2025. 2. 27.,대입분석,교육·입시정보,https://blog.naver.com/skills_in_math2/223776430013,3023,9,추출
223775236487,2025 제주대 의대 수의대 약대 정시 입결 정시컷 정시등급 모집요강 제주대학교,2025. 2. 26.,대입분석,교육·입시정보,https://blog.naver.com/skills_in_math2/223775236487,2131,11,추출
223775223416,2025 제주대 의대 수의대 약대 수시 입결 수시등급 모집요강 수능최저 제주대학교,2025. 2. 26.,대입분석,교육·입시정보,https://blog.naver.com/skills_in_math2/223775223416,3697,14,추출
223775154422,2025 전북대 의대 치대 약대 수의대 정시 입결 정시컷 정시등급 모집요강 전북대학교,2025. 2. 26.,대입분석,교육·입시정보,https://blog.naver.com/skills_in_math2/223775154422,2467,13,추출
223775075684,2025 전북대 의대 치대 약대 수의대 수시 입결 수시등급 모집요강 수능최저 전북대학교,2025. 2. 26.,대입분석,교육·입시정보,https://blog.naver.com/skills_in_math2/223775075684,2360,8,추출
223771869484,2025 전남대 의대 치대 약대 수의대 정시 입결 정시컷 정시등급 모집요강 전남대학교,2025. 2. 24.,대입분석,교육·입시정보,https://blog.naver.com/skills_in_math2/223771869484,2798,13,추출
223771856279,2025 전남대 의대 치대 약대 수의대 수시 입결 수시등급 모집요강 수능최저 전남대학교,2025. 2. 24.,대입분석,교육·입시정보,https://blog.naver.com/skills_in_math2/223771856279,3698,10,추출
223771795984,2025 인하대 의대 의예과 정시 입결 정시컷 정시등급 모집요강 인하대학교,2025. 2. 24.,대입분석,교육·입시정보,https://blog.naver.com/skills_in_math2/223771795984,2039,8,추출
223771769556,2025 인하대 의대 의예과 수시 입결 수시등급 모집요강 수능최저 인하대학교,2025. 2. 24.,대입분석,교육·입시정보,https://blog.naver.com/skills_in_math2/223771769556,3707,10,추출
223770438975,"[수학의기술 은행사거리점] 🔥니가 원하는 그 대학, 바로 수기S반 출신!🔥 :: 최상반 입반 테스트 안내",2025. 2. 23.,문의폭주개강소식,모집·개강,https://blog.naver.com/skills_in_math2/223770438975,1822,7,추출
223767858875,"중계동 수학학원 수학의기술에서 새학기에도, 우리 함께 성장해요! 📢 3월 시간표 대공개!",2025. 2. 21.,문의폭주개강소식,모집·개강,https://blog.naver.com/skills_in_math2/223767858875,1887,15,추출
223766427386,2025 인제대 의대 의예과 약대 약학과 정시 입결 정시컷 정시등급 모집요강 인제대학교,2025. 2. 19.,대입분석,교육·입시정보,https://blog.naver.com/skills_in_math2/223766427386,2084,8,추출
223766416869,2025 인제대 의대 의예과 약대 약학과 수시 입결 수시등급 모집요강 수능최저 인제대학교,2025. 2. 19.,대입분석,교육·입시정보,https://blog.naver.com/skills_in_math2/223766416869,2103,11,추출
223766397915,2025 을지대 의대 의예과 정시 입결 정시컷 정시등급 모집요강 을지대학교,2025. 2. 19.,대입분석,교육·입시정보,https://blog.naver.com/skills_in_math2/223766397915,2231,9,추출
223766381931,2025 을지대 의대 의예과 수시 입결 수시등급 모집요강 수능최저 을지대학교,2025. 2. 19.,대입분석,교육·입시정보,https://blog.naver.com/skills_in_math2/223766381931,3155,19,추출
223764868115,2025 원광대 의대 치대 약대 한의대 정시 입결 정시컷 정시등급 모집요강 원광대학교,2025. 2. 18.,대입분석,교육·입시정보,https://blog.naver.com/skills_in_math2/223764868115,2414,11,추출
223764857159,2025 원광대 의대 치대 약대 한의대 수시 입결 수시등급 모집요강 수능최저 원광대학교,2025. 2. 18.,대입분석,교육·입시정보,https://blog.naver.com/skills_in_math2/223764857159,2526,20,추출
223764769845,2025 울산대 의대 의예과 정시 입결 정시컷 정시등급 모집요강 울산대학교,2025. 2. 18.,대입분석,교육·입시정보,https://blog.naver.com/skills_in_math2/223764769845,2471,8,추출
223764759406,2025 울산대 의대 의예과 수시 입결 수시등급 모집요강 수능최저 울산대학교,2025. 2. 18.,대입분석,교육·입시정보,https://blog.naver.com/skills_in_math2/223764759406,2916,12,추출
223763610271,2025 우석대 한의대 한의예과 약대 약학부 정시 입결 정시컷 정시등급 모집요강 우석대학교,2025. 2. 17.,대입분석,교육·입시정보,https://blog.naver.com/skills_in_math2/223763610271,2244,8,추출
223763598123,2025 우석대 한의대 한의예과 약대 약학과 수시 입결 수시등급 모집요강 수능최저 우석대학교,2025. 2. 17.,대입분석,교육·입시정보,https://blog.naver.com/skills_in_math2/223763598123,2790,7,추출
223763361437,중계동 수학학원 수학의기술ㅣ 내실 있는 수학완성을 위한 2차 인증시험 공지🌟,2025. 2. 17.,은행사거리점(직접 게시),소개·공지·기타,https://blog.naver.com/skills_in_math2/223763361437,1696,10,추출
223760826402,중계동 수학학원 수학의기술의 해피 발렌타인데이💝 공부는 물론 당충전까지 책임진다-!🍫,2025. 2. 14.,이벤트,이벤트·행사,https://blog.naver.com/skills_in_math2/223760826402,1139,15,추출
223760751700,2025 영남대 의대 의예과 약대 약학부 정시 입결 정시컷 정시등급 모집요강 영남대학교,2025. 2. 14.,대입분석,교육·입시정보,https://blog.naver.com/skills_in_math2/223760751700,2545,9,추출
223760740019,2025 영남대 의대 의예과 약대 약학부 수시 입결 수시등급 모집요강 수능최저 영남대학교,2025. 2. 14.,대입분석,교육·입시정보,https://blog.naver.com/skills_in_math2/223760740019,3426,11,추출
223760667203,2025 연세대 미래캠 의대 의예과 정시 입결 정시컷 정시등급 모집요강 연세대학교 미래캠퍼스,2025. 2. 14.,대입분석,교육·입시정보,https://blog.naver.com/skills_in_math2/223760667203,2667,8,추출
223760650716,2025 연세대 미래캠 의대 의예과 수시 입결 수시등급 모집요강 논술 수능최저 연세대학교 미래캠퍼스,2025. 2. 14.,대입분석,교육·입시정보,https://blog.naver.com/skills_in_math2/223760650716,2267,20,추출
223748501537,중계동 수학학원 수학의기술 재원생 한정🤫 고1을 위한 3월 모의고사 무료 특강🎯,2025. 2. 5.,은행사거리점(직접 게시),모집·개강,https://blog.naver.com/skills_in_math2/223748501537,1234,7,추출
223746802793,중계동 수학학원 수학의기술 진정한 고1로 거듭나야 할 때🔥!,2025. 2. 4.,은행사거리점 고등반,소개·공지·기타,https://blog.naver.com/skills_in_math2/223746802793,898,8,추출
223746786770,전지점 BIG EVENT📣 방학 때 열심히 할거에요! 라던 너? 얼마나 하고 있는데? 본격 학습랭킹 레이스 START!,2025. 2. 4.,이벤트,이벤트·행사,https://blog.naver.com/skills_in_math2/223746786770,978,8,추출
223744310533,🏆중계동 수학학원 수학의기술 은행사거리점 1월 순공랭킹 발표~!🏆,2025. 2. 1.,은행사거리점(직접 게시),학습성과·후기,https://blog.naver.com/skills_in_math2/223744310533,985,10,추출
223743424079,2025 아주대 의대 약대 약학과 의예과 정시 입결 정시컷 정시등급 모집요강 아주대학교,2025. 1. 31.,대입분석,교육·입시정보,https://blog.naver.com/skills_in_math2/223743424079,1877,8,추출
223743414163,2025 아주대 의대 약대 의학과 약학과 수시 입결 수시등급 모집요강 수능최저 아주대학교,2025. 1. 31.,대입분석,교육·입시정보,https://blog.naver.com/skills_in_math2/223743414163,1974,10,추출
223743394488,2025 순천향대 의대 의예과 정시 입결 정시컷 정시등급 모집요강 순천향대학교,2025. 1. 31.,대입분석,교육·입시정보,https://blog.naver.com/skills_in_math2/223743394488,2427,8,추출
223743382258,2025 순천향대 의대 의예과 수시 입결 수시등급 모집요강 수능최저 순천향대학교,2025. 1. 31.,대입분석,교육·입시정보,https://blog.naver.com/skills_in_math2/223743382258,2574,14,추출
223743355043,2025 순천대 약대 약학과 정시 입결 정시컷 정시등급 모집요강 순천대학교,2025. 1. 31.,대입분석,교육·입시정보,https://blog.naver.com/skills_in_math2/223743355043,3241,7,추출
223743327081,2025 순천대 약대 약학과 수시 입결 수시등급 모집요강 수능최저 순천대학교,2025. 1. 31.,대입분석,교육·입시정보,https://blog.naver.com/skills_in_math2/223743327081,1926,13,추출
223743293810,2025 세명대 한의대 한의예과 정시 입결 정시컷 정시등급 모집요강 세명대학교,2025. 1. 31.,대입분석,교육·입시정보,https://blog.naver.com/skills_in_math2/223743293810,3008,17,추출
223743265266,2025 세명대 한의대 한의과 수시 입결 수시등급 모집요강 수능최저 세명대학교,2025. 1. 31.,대입분석,교육·입시정보,https://blog.naver.com/skills_in_math2/223743265266,2528,16,추출
223741680388,2025 상지대 한의대 한의예과 정시 입결 정시컷 정시등급 모집요강 상지대학교,2025. 1. 29.,대입분석,교육·입시정보,https://blog.naver.com/skills_in_math2/223741680388,1890,12,추출
223741673114,2025 상지대 한의대 한의예과 수시 입결 수시등급 모집요강 수능최저 상지대학교,2025. 1. 29.,대입분석,교육·입시정보,https://blog.naver.com/skills_in_math2/223741673114,1995,14,추출
223741655403,2025 삼육대 약대 약학과 정시 입결 정시컷 정시등급 모집요강 삼육대학교,2025. 1. 29.,대입분석,교육·입시정보,https://blog.naver.com/skills_in_math2/223741655403,2210,9,추출
223741625667,2025 삼육대 약대 약학과 수시 입결 수시등급 모집요강 수능최저 삼육대학교,2025. 1. 29.,대입분석,교육·입시정보,https://blog.naver.com/skills_in_math2/223741625667,1911,16,추출
223741589431,2025 부산대 의대 치대 약대 한의대 정시 입결 정시컷 정시등급 모집요강 부산대학교,2025. 1. 29.,대입분석,교육·입시정보,https://blog.naver.com/skills_in_math2/223741589431,2477,13,추출
223741572585,2025 부산대 의대 치대 약대 한의대 수시 입결 수시등급 모집요강 수능최저 부산대학교,2025. 1. 29.,대입분석,교육·입시정보,https://blog.naver.com/skills_in_math2/223741572585,2064,14,추출
223740961101,2025 목포대 약대 약학과 정시 입결 정시컷 정시등급 모집요강 국립목포대학교,2025. 1. 28.,대입분석,교육·입시정보,https://blog.naver.com/skills_in_math2/223740961101,1946,7,추출
223740952937,2025 목포대 약대 약학과 수시 입결 수시등급 모집요강 수능최저 국립목포대학교,2025. 1. 28.,대입분석,교육·입시정보,https://blog.naver.com/skills_in_math2/223740952937,2242,10,추출
223740937019,2025 동아대 의대 의예과 정시 입결 정시컷 정시등급 모집요강 동신대학교,2025. 1. 28.,대입분석,교육·입시정보,https://blog.naver.com/skills_in_math2/223740937019,2005,7,추출
223740922597,2025 동아대 의대 의예과 수시 입결 수시등급 모집요강 수능최저 동아대학교,2025. 1. 28.,대입분석,교육·입시정보,https://blog.naver.com/skills_in_math2/223740922597,3014,19,추출
223740874059,2025 동신대 한의대 한의예과 정시 입결 정시컷 정시등급 모집요강 동신대학교,2025. 1. 28.,대입분석,교육·입시정보,https://blog.naver.com/skills_in_math2/223740874059,2400,6,추출
223740867160,2025 동신대 한의예과 한의대 수시 입결 수시등급 모집요강 수능최저 동신대학교,2025. 1. 28.,대입분석,교육·입시정보,https://blog.naver.com/skills_in_math2/223740867160,2605,6,추출
223740846669,2025 동덕여대 약대 약학과 정시  입결 정시컷 정시등급 모집요강 동덕여자대학교,2025. 1. 28.,대입분석,교육·입시정보,https://blog.naver.com/skills_in_math2/223740846669,4056,7,추출
223740833685,2025 동덕여대 약대 약학과 수시 입결 수시등급 모집요강 수능최저 동덕여자대학교,2025. 1. 28.,대입분석,교육·입시정보,https://blog.naver.com/skills_in_math2/223740833685,2694,9,추출
223740180198,2025 동국대wise 의대 의예과 한의대 정시 입결 정시등급 모집요강 동국대경주캠,2025. 1. 27.,대입분석,교육·입시정보,https://blog.naver.com/skills_in_math2/223740180198,2490,8,추출
223740172980,2025 동국대wise 의대 의예과 한의대 수시 입결 수시등급 모집요강 수능최저 동국대경주캠,2025. 1. 27.,대입분석,교육·입시정보,https://blog.naver.com/skills_in_math2/223740172980,2792,9,추출
223740160443,2025 덕성여대 약대 약학과 정시 입결 정시등급 모집요강 덕성여자대학교,2025. 1. 27.,대입분석,교육·입시정보,https://blog.naver.com/skills_in_math2/223740160443,1797,7,추출
223740147816,2025 덕성여대 약대 약학과 수시 입결 수시등급 모집요강 수능최저 덕성여자대학교,2025. 1. 27.,대입분석,교육·입시정보,https://blog.naver.com/skills_in_math2/223740147816,2203,11,추출
223740130145,2025 대전대 한의대 한의예과 정시 입결 정시등급 모집요강 대전대학교,2025. 1. 27.,대입분석,교육·입시정보,https://blog.naver.com/skills_in_math2/223740130145,2059,10,추출
223740116698,2025 대전대 한의대 한의예과 수시 입결 수시등급 모집요강 수능최저 대전대학교,2025. 1. 27.,대입분석,교육·입시정보,https://blog.naver.com/skills_in_math2/223740116698,2433,18,추출
223740091203,2025 대구한의대 한의대 한의예과 정시 입결 정시등급 모집요강 대구한의대학교,2025. 1. 27.,대입분석,교육·입시정보,https://blog.naver.com/skills_in_math2/223740091203,2322,10,추출
223740072534,2025 대구한의대 한의대 한의예과 수시 입결 수시등급 모집요강 수능최저 대구한의대학교,2025. 1. 27.,대입분석,교육·입시정보,https://blog.naver.com/skills_in_math2/223740072534,2044,9,추출
223720173056,📢중계동 수학학원 수학의기술 은행사거리점 12월 순공 랭킹 TOP 10 업데이트!!📢,2025. 1. 9.,은행사거리점(직접 게시),학습성과·후기,https://blog.naver.com/skills_in_math2/223720173056,938,10,추출
223711012381,2025 대구가톨릭대 의대 약대 수시 입결 수시등급 모집요강 수능최저 대구가톨릭대학교,2024. 12. 31.,대입분석,교육·입시정보,https://blog.naver.com/skills_in_math2/223711012381,2463,12,추출
223711010887,2025 단국대 의대 수의대 약대 정시 입결 정시등급 모집요강 단국대학교,2024. 12. 31.,대입분석,교육·입시정보,https://blog.naver.com/skills_in_math2/223711010887,1121,17,추출
223711010379,2025 단국대 의대 치대 약대 수시 입결 수시등급 모집요강 수능최저 단국대학교,2024. 12. 31.,대입분석,교육·입시정보,https://blog.naver.com/skills_in_math2/223711010379,2021,15,추출
223711009860,2025 고신대 의대 의예과 정시 입결 정시등급 모집요강 고신대학교,2024. 12. 31.,대입분석,교육·입시정보,https://blog.naver.com/skills_in_math2/223711009860,2514,9,추출
223711008910,2025 고신대 의대 의예과 입결 수시등급 모집요강 수능최저 고신대학교,2024. 12. 31.,대입분석,교육·입시정보,https://blog.naver.com/skills_in_math2/223711008910,1842,13,추출
223711008150,2025 고려대세종캠 약대 약학과 정시 입결 정시등급 모집요강 고려대학교,2024. 12. 31.,대입분석,교육·입시정보,https://blog.naver.com/skills_in_math2/223711008150,2259,10,추출
223711007624,2025 고려대 세종캠 약대 약학과 논술 수시 입결 수시등급 모집요강 수능최저 고려대세종캠,2024. 12. 31.,대입분석,교육·입시정보,https://blog.naver.com/skills_in_math2/223711007624,2170,10,추출
223711006770,2025 계명대 의대 약대 의예과 약학부 정시 입결 정시등급 모집요강 계명대학교,2024. 12. 31.,대입분석,교육·입시정보,https://blog.naver.com/skills_in_math2/223711006770,2384,9,추출
223711006068,2025 계명대 의대 의예과 약대 약학부 수시 입결 수시등급 모집요강 수능최저 계명대학교,2024. 12. 31.,대입분석,교육·입시정보,https://blog.naver.com/skills_in_math2/223711006068,2219,17,추출
223711005241,2025 경성대 약대 약학과 정시 입결 정시등급 모집요강 경성대학교,2024. 12. 31.,대입분석,교육·입시정보,https://blog.naver.com/skills_in_math2/223711005241,2164,9,추출
223711004562,2025 경성대 약대 약학과 수시 입결 수시등급 모집요강 수능최저 경성대학교,2024. 12. 31.,대입분석,교육·입시정보,https://blog.naver.com/skills_in_math2/223711004562,2013,13,추출
223710971390,2025 경상국립대 의대 수의대 약대 정시 입결 정시등급 모집요강 경상국립대학교,2024. 12. 31.,대입분석,교육·입시정보,https://blog.naver.com/skills_in_math2/223710971390,2197,14,추출
223710954810,2025 경상국립대 의대 수의대 약대 수시 입결 수시등급 모집요강 수능최저 경상국립대학교,2024. 12. 31.,대입분석,교육·입시정보,https://blog.naver.com/skills_in_math2/223710954810,2171,18,추출
223710857974,2025 경북대 의대 약대 치대 수의대 정시컷 정시 입결 등급컷 모집요강 정시등급 경북대학교,2024. 12. 31.,대입분석,교육·입시정보,https://blog.naver.com/skills_in_math2/223710857974,1977,10,추출
223710842647,2025 경북대 의대 약대 치대 수의대 수시 입결 수시등급 모집요강 수능최저 경북대학교,2024. 12. 31.,대입분석,교육·입시정보,https://blog.naver.com/skills_in_math2/223710842647,2006,11,추출
223710822613,2025 건국대글로컬 의대 의예과 정시컷 정시 입결 등급컷 모집요강 정시등급 건국대글로컬대학교,2024. 12. 31.,대입분석,교육·입시정보,https://blog.naver.com/skills_in_math2/223710822613,2294,5,추출
223710802815,2025 건국대글로컬 의대 의예과 수시 입결 수시등급 모집요강 수능최저 건국대글로컬캠퍼스,2024. 12. 31.,대입분석,교육·입시정보,https://blog.naver.com/skills_in_math2/223710802815,2453,22,추출
223710777228,2025 강릉대 의대 약대 수의대 정시컷 정시 입결 등급컷 모집요강 정시등급 강릉대학교,2024. 12. 31.,대입분석,교육·입시정보,https://blog.naver.com/skills_in_math2/223710777228,2355,7,추출
223710760447,2025 강원대 의대 약대 수의대 수시등급 입결 모집요강 수능최저 강원대학교,2024. 12. 31.,대입분석,교육·입시정보,https://blog.naver.com/skills_in_math2/223710760447,2207,18,추출
223710730383,2025 강릉원주대 치대 치의예과 정시컷 정시 입결 등급컷 모집요강 정시등급 국립강릉원주대학교,2024. 12. 31.,대입분석,교육·입시정보,https://blog.naver.com/skills_in_math2/223710730383,1643,9,추출
223710712344,2025 강릉원주대 치대 치의예과 입결 수시컷 수시등급 모집요강 수능최저 국립강릉원주대학교,2024. 12. 31.,대입분석,교육·입시정보,https://blog.naver.com/skills_in_math2/223710712344,2840,9,추출
223710632230,2025 가톨릭대 의대 약대 의학과 정시컷 정시 입결 지원방법 등급컷 모집요강 정시등급 가톨릭대학교,2024. 12. 31.,대입분석,교육·입시정보,https://blog.naver.com/skills_in_math2/223710632230,2817,8,추출
223710610386,2025 가톨릭대 의대 약대 약학과 입결 논술 수시컷 수시등급 모집요강 최저 가톨릭대학교,2024. 12. 31.,대입분석,교육·입시정보,https://blog.naver.com/skills_in_math2/223710610386,2974,8,추출
223710562331,정신여고 입결 선택과목 동아리 5등급제 수행평가,2024. 12. 31.,고등학교,교육·입시정보,https://blog.naver.com/skills_in_math2/223710562331,2550,14,추출
223710555300,2025 가톨릭관동대학교 의대 의예과 의학과 정시컷 정시 입결 지원방법 등급컷 모집요강 정시등급,2024. 12. 31.,대입분석,교육·입시정보,https://blog.naver.com/skills_in_math2/223710555300,2643,8,추출
223710526264,창덕여고 학생수 진학률 동아리 선택과목 생기부,2024. 12. 31.,고등학교,교육·입시정보,https://blog.naver.com/skills_in_math2/223710526264,3220,14,추출
223710524527,2025 가톨릭관동대학교 의대 의예과 의학과 수시컷 수시 입결 지원방법 등급컷 모집요강 수시등급,2024. 12. 31.,대입분석,교육·입시정보,https://blog.naver.com/skills_in_math2/223710524527,2526,7,추출
223709488177,동성고 진학률 동아리 인공지능캠프 선택과목,2024. 12. 30.,고등학교,교육·입시정보,https://blog.naver.com/skills_in_math2/223709488177,2462,12,추출
223709427921,홍대부고 내신 진학률 동아리 AI프로그램 선택과목,2024. 12. 30.,고등학교,교육·입시정보,https://blog.naver.com/skills_in_math2/223709427921,3147,15,추출
223707057247,중앙고 입학 면접 내신 동아리 선택과목 추첨,2024. 12. 27.,고등학교,교육·입시정보,https://blog.naver.com/skills_in_math2/223707057247,2733,18,추출
223706988642,대광고 5등급제 생기부 동아리 선택과목,2024. 12. 27.,고등학교,교육·입시정보,https://blog.naver.com/skills_in_math2/223706988642,2856,16,추출
223706921624,서울외고 입학 경쟁률 서류 면접 동아리 선택과목,2024. 12. 27.,고등학교,교육·입시정보,https://blog.naver.com/skills_in_math2/223706921624,3457,13,추출
223705981035,서울국제고 경쟁률 면접 입결 동아리 방과후학교,2024. 12. 26.,고등학교,교육·입시정보,https://blog.naver.com/skills_in_math2/223705981035,2501,14,추출
223705897948,성신여고 내신 동아리 영재학급 경쟁률 선택과목,2024. 12. 26.,고등학교,교육·입시정보,https://blog.naver.com/skills_in_math2/223705897948,3068,15,추출
223704256338,혜화여고 5등급제 경쟁률 내신 대비 동아리,2024. 12. 24.,고등학교,교육·입시정보,https://blog.naver.com/skills_in_math2/223704256338,1807,11,추출
223704196218,한대부고 5등급제 내신 동아리 경쟁률 학교소개,2024. 12. 24.,고등학교,교육·입시정보,https://blog.naver.com/skills_in_math2/223704196218,1779,9,추출
223681419905,📢중계동 수학학원 수학의기술 은행사거리점 11월 순공 랭킹 TOP 10📢,2024. 12. 3.,은행사거리점(직접 게시),학습성과·후기,https://blog.naver.com/skills_in_math2/223681419905,853,8,추출
223677907407,"중계동 수학학원 수학의기술 은행사거리점, ""아직도 문제만 많이 푸니?"" 잘못된 공부 방법 솔루션, 지금 바로 공개!",2024. 12. 3.,은행사거리점(직접 게시),수업·학습관리,https://blog.naver.com/skills_in_math2/223677907407,1665,8,추출
223677900962,"중계동 수학학원 수학의기술 은행사거리점, ""아는 만큼 보인다!"" 공부 마음가짐 제대로 잡기!",2024. 12. 2.,은행사거리점(직접 게시),수업·학습관리,https://blog.naver.com/skills_in_math2/223677900962,1780,8,추출
223677899876,"중계동 수학학원 수학의기술 은행사거리점, 상위권 학생의 공부 고민? ""100점""의 비결은 뭔데~?",2024. 12. 1.,은행사거리점(직접 게시),수업·학습관리,https://blog.naver.com/skills_in_math2/223677899876,1908,8,추출
223676178137,"중계동 수학학원 수학의기술 은행사거리점, 내가 해본 ""진짜"" 공부 비법, 특급 공개!",2024. 11. 30.,은행사거리점(직접 게시),수업·학습관리,https://blog.naver.com/skills_in_math2/223676178137,1888,7,추출
223676154652,"중계동 수학학원 수학의기술 은행사거리점, ""내 성적은 이렇게 올랐다!"" 50점 상승시킨 공부비법?",2024. 11. 29.,은행사거리점(직접 게시),수업·학습관리,https://blog.naver.com/skills_in_math2/223676154652,1646,8,추출
223676149502,"중계동 수학학원 수학의기술 은행사거리점, 수학 실력 2배 UP되는 나만의 공부비법! 지금 소개합니다~!",2024. 11. 28.,은행사거리점(직접 게시),수업·학습관리,https://blog.naver.com/skills_in_math2/223676149502,1635,8,추출
223670670010,"중계동 수학학원 수학의기술, 2025 겨울방학 동계특강 대개강!",2024. 11. 23.,문의폭주개강소식,모집·개강,https://blog.naver.com/skills_in_math2/223670670010,2183,13,추출
223669816535,"중계동 수학학원 수학의기술, 예비고3 겨울은 제대로 된 수학정복!",2024. 11. 22.,문의폭주개강소식,모집·개강,https://blog.naver.com/skills_in_math2/223669816535,1321,12,추출
223669798696,"중계동 수학학원 수학의기술 은행사거리점, 12월 개강반 준비 완료 소식!",2024. 11. 22.,문의폭주개강소식,모집·개강,https://blog.naver.com/skills_in_math2/223669798696,1979,7,추출
223666496064,"중계동 수학학원 수학의기술 ""중등 마스터 로드맵"" 설명회 개최 현장! 지금 공개합니다~!",2024. 11. 19.,은행사거리점(직접 게시),모집·개강,https://blog.naver.com/skills_in_math2/223666496064,3061,56,추출
223646990179,"중계동 수학학원 2025 ""예비고1 대입을 알려주마"", 학생전용 설명회 현장 리뷰!",2024. 11. 5.,은행사거리점(직접 게시),모집·개강,https://blog.naver.com/skills_in_math2/223646990179,2805,41,추출
223646943179,[수학의기술 삼각산점] 2025 수학의기술 중등설명회 현장 후기!,2024. 11. 4.,삼각산점 중등반,학습성과·후기,https://blog.naver.com/skills_in_math2/223646943179,1917,21,추출
223646561618,📢중계동 수학의기술학원 은행사거리점 10월 순공 랭킹 TOP 10!,2024. 11. 4.,은행사거리점(직접 게시),학습성과·후기,https://blog.naver.com/skills_in_math2/223646561618,819,9,추출
223641602468,중계동 수학학원 수학의기술 재원생을 위한 성적상승 후기 이벤트!,2024. 10. 31.,이벤트,이벤트·행사,https://blog.naver.com/skills_in_math2/223641602468,1057,12,추출
223637395562,[수학의기술 11월 소식] 📢수기 예비고1은 11월 한달 얼마나 알찬데?!,2024. 10. 29.,은행사거리점(직접 게시),소개·공지·기타,https://blog.naver.com/skills_in_math2/223637395562,1158,13,추출
223637392587,"중계동수학학원 수학의기술 재원생을 위한 특별 설명회 개최! <예비고1, 대입을 알려주마😮>",2024. 10. 29.,은행사거리점(직접 게시),모집·개강,https://blog.naver.com/skills_in_math2/223637392587,1099,2,추출
223637380913,"중계동 수학학원 2025예비고1 고입설명회 '2025 고등학교, 어디가?' 고입 준비의 시작, 그 현장을 소개합니다!",2024. 10. 29.,은행사거리점(직접 게시),모집·개강,https://blog.naver.com/skills_in_math2/223637380913,2748,31,추출
223604474064,📢중계동 수학의기술학원 은행사거리점 9월 순공 TOP 10 업데이트!,2024. 10. 2.,은행사거리점(직접 게시),학습성과·후기,https://blog.naver.com/skills_in_math2/223604474064,781,8,추출
223602507694,2024 가천대 수시등급 가천대학교 수시컷 학종 입결 커트라인,2024. 9. 30.,대입분석,교육·입시정보,https://blog.naver.com/skills_in_math2/223602507694,2361,21,추출
223602484658,2024 가천대 수시등급 가천대학교 수시컷 가천대 교과전형 입결 커트라인,2024. 9. 30.,대입분석,교육·입시정보,https://blog.naver.com/skills_in_math2/223602484658,3783,15,추출
223602464784,2024 가천대 정시등급 가천대학교 정시컷 입결 가천대 정시 커트라인,2024. 9. 30.,대입분석,교육·입시정보,https://blog.naver.com/skills_in_math2/223602464784,2835,9,추출
223602449864,2024 세종대 수시등급 세종대학교 수시컷 학종 입결 커트라인,2024. 9. 30.,대입분석,교육·입시정보,https://blog.naver.com/skills_in_math2/223602449864,3036,14,추출
223602431186,2024 세종대 수시등급 세종대학교 수시컷 세종대 교과전형 입결 커트라인,2024. 9. 30.,대입분석,교육·입시정보,https://blog.naver.com/skills_in_math2/223602431186,2871,14,추출
223602387236,2024 세종대 정시등급 세종대학교 정시컷 입결 세종대 정시 커트라인,2024. 9. 30.,대입분석,교육·입시정보,https://blog.naver.com/skills_in_math2/223602387236,1679,11,추출
223602372293,2024 국민대 수시등급 국민대학교 수시컷 학종 입결 커트라인,2024. 9. 30.,대입분석,교육·입시정보,https://blog.naver.com/skills_in_math2/223602372293,3824,15,추출
223602356769,2024 국민대 수시등급 국민대학교 수시컷 교과전형 입결 커트라인,2024. 9. 30.,대입분석,교육·입시정보,https://blog.naver.com/skills_in_math2/223602356769,3569,13,추출
223602343664,2024 국민대 정시등급 국민대학교 정시컷 입결 국민대학교 정시 커트라인,2024. 9. 30.,대입분석,교육·입시정보,https://blog.naver.com/skills_in_math2/223602343664,3864,9,추출
223602326808,2024 숙명여대 수시등급 숙명여자대학교 수시컷 숙대 학종 입결 커트라인,2024. 9. 30.,대입분석,교육·입시정보,https://blog.naver.com/skills_in_math2/223602326808,3359,17,추출
223602310543,2024 숙명여대 수시등급 숙명여자대학교 수시컷 숙대 교과전형 입결 커트라인,2024. 9. 30.,대입분석,교육·입시정보,https://blog.naver.com/skills_in_math2/223602310543,2601,12,추출
223602298815,2024 숙명여대 정시등급 숙명여자대학교 정시컷 입결 숙대 정시 커트라인,2024. 9. 30.,대입분석,교육·입시정보,https://blog.naver.com/skills_in_math2/223602298815,2407,8,추출
223602055445,2024 홍대 수시등급 홍익대학교 수시컷 학종 입결 커트라인,2024. 9. 30.,대입분석,교육·입시정보,https://blog.naver.com/skills_in_math2/223602055445,2624,12,추출
223601968507,2024 홍대 수시등급 홍익대학교 수시컷 홍대 교과전형 입결 커트라인,2024. 9. 30.,대입분석,교육·입시정보,https://blog.naver.com/skills_in_math2/223601968507,3070,14,추출
223601863666,2024 홍대 정시등급 홍익대학교 정시컷 입결 홍대 정시 커트라인,2024. 9. 30.,대입분석,교육·입시정보,https://blog.naver.com/skills_in_math2/223601863666,2874,10,추출
223601839343,2024 동국대 수시등급 동국대학교 수시컷 학종 입결 커트라인 두드림,2024. 9. 30.,대입분석,교육·입시정보,https://blog.naver.com/skills_in_math2/223601839343,2745,12,추출
223601797631,2024 동국대 수시등급 동국대학교 수시컷 교과전형 입결 커트라인,2024. 9. 30.,대입분석,교육·입시정보,https://blog.naver.com/skills_in_math2/223601797631,2846,12,추출
223601766658,2024 동국대 정시등급 동국대학교 정시컷 입결 동국대학교 커트라인,2024. 9. 30.,대입분석,교육·입시정보,https://blog.naver.com/skills_in_math2/223601766658,2925,11,추출
223598580107,📢중계동 수학의기술학원 은행사거리점 8월 순공 TOP 10 발표! 과연 이번 1위는 ...?!,2024. 9. 27.,은행사거리점(직접 게시),학습성과·후기,https://blog.naver.com/skills_in_math2/223598580107,756,7,추출
223597281314,고등학교 어디가? 2025 수학의기술 은행사거리점 고입설명회,2024. 9. 26.,은행사거리점(직접 게시),모집·개강,https://blog.naver.com/skills_in_math2/223597281314,1263,8,추출
223590003378,"중계동 수학학원 수학의기술, 내신대비도 수학의기술 은행사거리점은 다르다!",2024. 9. 20.,은행사거리점(직접 게시),소개·공지·기타,https://blog.naver.com/skills_in_math2/223590003378,2317,15,추출
223579269041,마포과학학원 준과학학원 2022개정 예비고1 설명회 개최,2024. 9. 10.,공지사항,모집·개강,https://blog.naver.com/skills_in_math2/223579269041,2959,18,추출
223577946578,"목동과학학원, 준과학학원 고1을 위한 22개정 설명회 개최!",2024. 9. 9.,공지사항,모집·개강,https://blog.naver.com/skills_in_math2/223577946578,2943,11,추출
223561380371,2024 건국대 수시등급 건국대학교 수시컷 학종 입결 커트라인,2024. 8. 26.,대입분석,교육·입시정보,https://blog.naver.com/skills_in_math2/223561380371,3708,9,추출
223561067220,"중계동 수학학원, 수학의기술 예비 고1을 위한 단기 완성 ""공통수학2"" 응용특강 개강!",2024. 8. 26.,문의폭주개강소식,모집·개강,https://blog.naver.com/skills_in_math2/223561067220,1139,12,추출
223561027785,"중계동 수학학원 수학의기술, 9월 개강으로 2학기 준비 완료!",2024. 8. 26.,문의폭주개강소식,모집·개강,https://blog.naver.com/skills_in_math2/223561027785,1805,18,추출
223556873446,"중계동 수학학원, 수학의기술 맞춤형 내신대비 시험지 분석",2024. 8. 22.,은행사거리점(직접 게시),시험분석·대비,https://blog.naver.com/skills_in_math2/223556873446,3805,18,추출
223554511801,2024 건국대 수시등급 건국대학교 수시컷 학종 입결 커트라인,2024. 8. 20.,대입분석,교육·입시정보,https://blog.naver.com/skills_in_math2/223554511801,3409,7,추출
223554334560,2024 이화여대 정시등급 이화여자대학교 정시컷 학종 입결 커트라인,2024. 8. 20.,대입분석,교육·입시정보,https://blog.naver.com/skills_in_math2/223554334560,2423,7,추출
223553133350,2024 이화여대 수시등급 이화여자대학교 수시컷 학종 입결 커트라인,2024. 8. 19.,대입분석,교육·입시정보,https://blog.naver.com/skills_in_math2/223553133350,2958,8,추출
223549973089,2024 이화여대 수시등급 이화여자대학교 수시컷 학종 입결 커트라인,2024. 8. 16.,대입분석,교육·입시정보,https://blog.naver.com/skills_in_math2/223549973089,4065,7,추출
223549865499,2024 서울시립대 정시등급 서울시립대학교 정시컷 학종 입결 커트라인,2024. 8. 16.,대입분석,교육·입시정보,https://blog.naver.com/skills_in_math2/223549865499,3308,8,추출
223547814712,포항공대 학종 교과 수능최저 수시모집 2025년도 포항공과대학교 대학신입학생 입학전형(수시모집요강),2024. 8. 14.,모집요강,교육·입시정보,https://blog.naver.com/skills_in_math2/223547814712,2737,1,추출
223546598116,카이스트 학종 교과 수능최저 정시모집 2025년도 카이스트(KAIST) 대학신입학생 입학전형(정시모집요강),2024. 8. 13.,모집요강,교육·입시정보,https://blog.naver.com/skills_in_math2/223546598116,1465,4,추출
223546569384,"중계동 수학학원 수학의기술, 고2 선택과목 ""확률과 통계"" 2024 2학기 내신대비반 개강!",2024. 8. 13.,문의폭주개강소식,모집·개강,https://blog.naver.com/skills_in_math2/223546569384,844,8,추출
223546542891,카이스트 학종 교과 수능최저 정시모집 2025년도 카이스트(KAIST) 대학신입학생 입학전형(정시모집요강),2024. 8. 13.,모집요강,교육·입시정보,https://blog.naver.com/skills_in_math2/223546542891,2935,4,추출
223545315254,카이스트 학종 교과 수능최저 수시모집 2025년도 카이스트(KAIST) 대학신입학생 입학전형(수시모집요강),2024. 8. 12.,모집요강,교육·입시정보,https://blog.naver.com/skills_in_math2/223545315254,2040,1,추출
223545199754,2024 서울시립대 수시등급 서울시립대학교 수시컷 학종 입결 커트라인,2024. 8. 12.,대입분석,교육·입시정보,https://blog.naver.com/skills_in_math2/223545199754,3020,12,추출
223542376186,📢중계동 수학의기술학원 은행사거리점 이번달 순공시간 TOP10 발표! 7월 학습랭킹 1위🏆가 누군데~?!,2024. 8. 9.,은행사거리점(직접 게시),학습성과·후기,https://blog.naver.com/skills_in_math2/223542376186,1025,12,추출
223541010308,"""자유학기제 전환으로 중1 2학기 시험 시행"" 7년 만의 중1 시험 중계동 수학의기술학원과 함께♥",2024. 8. 8.,문의폭주개강소식,모집·개강,https://blog.naver.com/skills_in_math2/223541010308,1725,16,추출
223540932376,2024 서울시립대 수시등급 서울시립대학교 수시컷 학종 입결 커트라인,2024. 8. 8.,대입분석,교육·입시정보,https://blog.naver.com/skills_in_math2/223540932376,3842,8,추출
223539723962,2024 한국외대 정시등급 한국외국어대학교 정시컷 학종 입결 커트라인,2024. 8. 7.,대입분석,교육·입시정보,https://blog.naver.com/skills_in_math2/223539723962,4189,8,추출
223539633883,2024 한국외대 수시등급 한국외국어대학교 수시컷 학종 입결 커트라인,2024. 8. 7.,대입분석,교육·입시정보,https://blog.naver.com/skills_in_math2/223539633883,2244,8,추출
223538779803,삼각산동 수학학원 성공적인 내신대비의 시작_중1 수학기술 내신대비반 개강!!],2024. 8. 6.,삼각산점 중등반,모집·개강,https://blog.naver.com/skills_in_math2/223538779803,1581,13,추출
223538420152,2024 한국외대 수시등급 한국외국어대학교 수시컷 학종 입결 커트라인,2024. 8. 6.,대입분석,교육·입시정보,https://blog.naver.com/skills_in_math2/223538420152,2998,8,추출
223533410567,삼각산동 수학의기술학원 삼각산점 2024 1학기 기말고사 결과 공개,2024. 8. 1.,삼각산점 중등반,시험분석·대비,https://blog.naver.com/skills_in_math2/223533410567,1415,16,추출
223532985492,2024 경희대 정시등급 경희대학교 정시컷 학종 입결 커트라인,2024. 8. 1.,대입분석,교육·입시정보,https://blog.naver.com/skills_in_math2/223532985492,4556,11,추출
223530594514,2024 경희대 수시등급 경희대학교 수시컷 학종 입결 커트라인,2024. 7. 30.,대입분석,교육·입시정보,https://blog.naver.com/skills_in_math2/223530594514,5449,8,추출
223530537349,2024 경희대 수시등급 경희대학교 수시컷 학종 입결 커트라인,2024. 7. 30.,대입분석,교육·입시정보,https://blog.naver.com/skills_in_math2/223530537349,2373,13,추출
223529396173,2024 중앙대 정시등급 중앙대학교 정시컷 학종 입결 커트라인,2024. 7. 29.,대입분석,교육·입시정보,https://blog.naver.com/skills_in_math2/223529396173,4491,9,추출
223525240329,2024 중앙대 수시등급 중앙대학교 수시컷 학종 입결 커트라인,2024. 7. 25.,대입분석,교육·입시정보,https://blog.naver.com/skills_in_math2/223525240329,3703,4,추출
223525128552,2024 중앙대 수시등급 중앙대학교 수시컷 학종 입결 커트라인,2024. 7. 25.,대입분석,교육·입시정보,https://blog.naver.com/skills_in_math2/223525128552,5962,5,추출
223523936649,2024 서강대 정시등급 서강대학교 정시컷 학종 입결 커트라인,2024. 7. 24.,대입분석,교육·입시정보,https://blog.naver.com/skills_in_math2/223523936649,3326,10,추출
223522811863,2024 서강대 수시등급 서강대학교 수시컷 학종 입결 커트라인,2024. 7. 23.,대입분석,교육·입시정보,https://blog.naver.com/skills_in_math2/223522811863,3045,7,추출
223522711957,2024 서강대 수시등급 서강대학교 수시컷 학종 입결 커트라인,2024. 7. 23.,대입분석,교육·입시정보,https://blog.naver.com/skills_in_math2/223522711957,2903,10,추출
223521476266,2024 한양대 정시등급 한양대학교 정시컷 학종 입결 커트라인,2024. 7. 22.,대입분석,교육·입시정보,https://blog.naver.com/skills_in_math2/223521476266,4251,13,추출
223517210381,2024 한양대 수시등급 한양대학교 수시컷 학종 입결 커트라인,2024. 7. 18.,대입분석,교육·입시정보,https://blog.naver.com/skills_in_math2/223517210381,4086,8,추출
223517098300,2024 한양대 수시등급 한양대학교 수시컷 학종 입결 커트라인,2024. 7. 18.,대입분석,교육·입시정보,https://blog.naver.com/skills_in_math2/223517098300,4277,11,추출
223515922203,2024 성균관대 정시등급 성균관대학교 정시컷 학종 입결 커트라인,2024. 7. 17.,대입분석,교육·입시정보,https://blog.naver.com/skills_in_math2/223515922203,2196,8,추출
223514778801,2024 성균관대 수시등급 성균관대학교 수시컷 학종 입결 커트라인,2024. 7. 16.,대입분석,교육·입시정보,https://blog.naver.com/skills_in_math2/223514778801,2841,9,추출
223514709324,"중계동 수학학원 추천, 수학의 즐거움을 찾는 곳, ""수학의기술학원""",2024. 7. 16.,은행사거리점(직접 게시),소개·공지·기타,https://blog.naver.com/skills_in_math2/223514709324,3500,14,추출
223514606269,2024 성균관대 수시등급 성균관대학교 수시컷 학종 입결 커트라인,2024. 7. 16.,대입분석,교육·입시정보,https://blog.naver.com/skills_in_math2/223514606269,2102,12,추출
223513425221,2024 고려대 정시등급 고려대학교 정시컷 학종 입결 커트라인,2024. 7. 15.,대입분석,교육·입시정보,https://blog.naver.com/skills_in_math2/223513425221,6208,10,추출
223513239434,"중계동 수학학원 수학의기술, 2024 3학년 1학기 중계중학교 중간고사 수학시험 분석하기",2024. 7. 15.,중등기출분석,시험분석·대비,https://blog.naver.com/skills_in_math2/223513239434,1379,9,추출
223511359893,중계동 수학학원 수학의기술에서 분석한 2024 상명중2-1 중간고사 수학시,2024. 7. 13.,중등기출분석,시험분석·대비,https://blog.naver.com/skills_in_math2/223511359893,1599,10,추출
223510205903,"중계동 수학학원 추천, 아이의 성향에 맞춘 지도",2024. 7. 12.,은행사거리점(직접 게시),소개·공지·기타,https://blog.naver.com/skills_in_math2/223510205903,3666,16,추출
223510406522,중계동 수학학원 수학의기술에서 상명중학교 2024 3학년 1학기 중간고사 기출 분석하기!,2024. 7. 12.,중등기출분석,시험분석·대비,https://blog.naver.com/skills_in_math2/223510406522,1919,12,추출
223510147981,"중계동 수학학원 추천, 내 아이에게 생긴 이루 말할 수 없는 변화",2024. 7. 12.,은행사거리점(직접 게시),소개·공지·기타,https://blog.naver.com/skills_in_math2/223510147981,3526,13,추출
223507966883,2024 고려대 수시등급 고려대학교 수시컷 학종 입결 커트라인,2024. 7. 10.,대입분석,교육·입시정보,https://blog.naver.com/skills_in_math2/223507966883,3567,13,추출
223507776256,중계동 수학학원 수학의기술 은행사거리점의 PERFECT 한 여름방학 소식! [📢고등특강 전체 정원마감! 중등특강 마감임박!],2024. 7. 10.,문의폭주개강소식,모집·개강,https://blog.naver.com/skills_in_math2/223507776256,2378,30,추출
223506810715,2024 고려대 수시등급 고려대학교 수시컷 학종 입결 커트라인,2024. 7. 9.,대입분석,교육·입시정보,https://blog.naver.com/skills_in_math2/223506810715,7307,7,추출
223506710279,2024 연세대 정시등급 연세대학교 정시컷 학종 입결 커트라인,2024. 7. 9.,대입분석,교육·입시정보,https://blog.naver.com/skills_in_math2/223506710279,4754,11,추출
223506668323,"중계동 수학학원, 여름방학을 보람차게 해 줄, 여름방학 특강 안내! [📢고등부 특강 전체 정원마감! 중등부 특강 마감임박!]",2024. 7. 9.,은행사거리점(직접 게시),모집·개강,https://blog.naver.com/skills_in_math2/223506668323,2974,16,추출
223505491582,2024 연세대 수시등급 연세대학교 수시컷 학종 입결 커트라인,2024. 7. 8.,대입분석,교육·입시정보,https://blog.naver.com/skills_in_math2/223505491582,4389,15,추출
223502516944,길음동 수학학원 수학의기술! 여름방학 준비 완료! 2학기를 노린다면 어서 드루와-!(친구 소개 파격 EVENT 진행 중),2024. 7. 5.,성북길음점(직접 게시),이벤트·행사,https://blog.naver.com/skills_in_math2/223502516944,3335,39,추출
223501401442,2024 3학년 1학기 중간고사 을지중학교 기출 파헤치기!,2024. 7. 4.,중등기출분석,시험분석·대비,https://blog.naver.com/skills_in_math2/223501401442,1826,13,추출
223501307938,2024 연세대 수시등급 연세대학교 수시컷 학종 입결 커트라인,2024. 7. 4.,대입분석,교육·입시정보,https://blog.naver.com/skills_in_math2/223501307938,2914,11,추출
223501203309,2024 서울대 정시등급 서울대학교 정시컷 학종 입결 커트라인,2024. 7. 4.,대입분석,교육·입시정보,https://blog.naver.com/skills_in_math2/223501203309,3528,9,추출
223500038511,2024 서울대 수시등급 서울대학교 수시컷 학종 입결 커트라인,2024. 7. 3.,대입분석,교육·입시정보,https://blog.naver.com/skills_in_math2/223500038511,4424,14,추출
223499926708,[공지] [수학의기술 삼각산점 7월 수업 안내],2024. 7. 3.,삼각산점(직접 게시),수업·학습관리,https://blog.naver.com/skills_in_math2/223499926708,3113,20,추출
223497470730,"길음동 수학학원, 수학의기술 학습량(공부의습관) Best Top10",2024. 7. 1.,성북길음점(직접 게시),학습성과·후기,https://blog.naver.com/skills_in_math2/223497470730,3250,12,추출
223492200477,2024 2학년 1학기 중간고사 을지중학교 수학시험 기출분석,2024. 6. 26.,중등기출분석,시험분석·대비,https://blog.naver.com/skills_in_math2/223492200477,2030,9,추출
223490776427,"길음동 수학학원 추천, 수학의기술학원(시험 대비 현황)시험 완전 정복!!",2024. 6. 25.,성북길음점(직접 게시),시험분석·대비,https://blog.naver.com/skills_in_math2/223490776427,3168,12,추출
223483249737,"길음동 수학학원 추천, 수학의기술학원 수학 자신감 Up!! 특별한 (여름방학특강반) 수업 안내.",2024. 6. 18.,성북길음점(직접 게시),모집·개강,https://blog.naver.com/skills_in_math2/223483249737,4852,12,추출
223482283856,2024 2학년 1학기 중간고사 불암중학교 수학시험 분석,2024. 6. 17.,중등기출분석,시험분석·대비,https://blog.naver.com/skills_in_math2/223482283856,2252,15,추출
223477259378,2024 3학년 1학기 중간고사 불암중학교 수학시험 기출분석!,2024. 6. 12.,중등기출분석,시험분석·대비,https://blog.naver.com/skills_in_math2/223477259378,2462,14,추출
223477146654,세종대 학종 교과 수능최저 정시모집 2025년도 세종대학교 대학신입학생 입학전형(정시모집요강),2024. 6. 12.,모집요강,교육·입시정보,https://blog.naver.com/skills_in_math2/223477146654,1793,8,추출
223476960137,"중계동 초등수학학원, 아이들이 좋아하는 학원, 수학의기술",2024. 6. 12.,은행사거리점(직접 게시),소개·공지·기타,https://blog.naver.com/skills_in_math2/223476960137,2918,23,추출
223475963714,"중계동 초등수학학원, 내 아이 맞춤 수업으로 상위권 진입!",2024. 6. 11.,은행사거리점(직접 게시),수업·학습관리,https://blog.naver.com/skills_in_math2/223475963714,2900,14,추출
223475936289,"중계동 중고등수학학원 수학의기술, 최상위권 최다 배출!!(시험결과 발표)1학기 중간고사 성적 공개!!",2024. 6. 11.,은행사거리점(직접 게시),시험분석·대비,https://blog.naver.com/skills_in_math2/223475936289,3180,12,추출
223474794565,세종대 학종 교과 수능최저 수시모집 2025년도 세종대학교 대학신입학생 입학전형(수시모집요강),2024. 6. 10.,모집요강,교육·입시정보,https://blog.naver.com/skills_in_math2/223474794565,2479,15,추출
223470064509,국민대 학종 교과 수능최저 정시모집 2025년도 국민대학교 대학신입학생 입학전형(정시모집요강),2024. 6. 5.,모집요강,교육·입시정보,https://blog.naver.com/skills_in_math2/223470064509,1651,13,추출
223468784432,국민대 학종 교과 수능최저 수시모집 2025년도 국민대학교 대학신입학생 입학전형(수시모집요강),2024. 6. 4.,모집요강,교육·입시정보,https://blog.naver.com/skills_in_math2/223468784432,2005,14,추출
223467682461,"중계동 중고등수학학원,수학의기술학원 주목!!여름맞이(6월/7월/8월) 특강개강 안내.[📢고등특강 전체 정원마감! 중등특강 마감임박!]",2024. 6. 3.,은행사거리점(직접 게시),모집·개강,https://blog.naver.com/skills_in_math2/223467682461,3553,19,추출
223467555296,건국대 학종 교과 수능최저 정시모집 2025년도 건국대학교 대학신입학생 입학전형(정시모집요강),2024. 6. 3.,모집요강,교육·입시정보,https://blog.naver.com/skills_in_math2/223467555296,1654,12,추출
223462396820,건국대 학종 교과 수능최저 수시모집 2025년도 건국대학교 대학신입학생 입학전형(수시모집요강),2024. 5. 29.,모집요강,교육·입시정보,https://blog.naver.com/skills_in_math2/223462396820,1748,12,추출
223462325275,서강대 학종 교과 수능최저 정시모집 2025년도 서강대학교 대학신입학생 입학전형(정시모집요강),2024. 5. 29.,모집요강,교육·입시정보,https://blog.naver.com/skills_in_math2/223462325275,2822,14,추출
223461248249,서강대 학종 교과 수능최저 수시모집 2025년도 서강대학교 대학신입학생 입학전형(수시모집요강),2024. 5. 28.,모집요강,교육·입시정보,https://blog.naver.com/skills_in_math2/223461248249,2369,11,추출
223461167655,동국대 학종 교과 수능최저 정시모집 2025년도 동국대학교 대학신입학생 입학전형(정시모집요강),2024. 5. 28.,모집요강,교육·입시정보,https://blog.naver.com/skills_in_math2/223461167655,1588,14,추출
223460974076,"중계동 중고등수학학원 수학의기술, 럭키비키한 여름방학 특강 준비 완료-![📢고등특강 전체 정원마감! 중등특강 마감임박!]",2024. 5. 28.,문의폭주개강소식,모집·개강,https://blog.naver.com/skills_in_math2/223460974076,2476,10,추출
223460090104,동국대 학종 교과 수능최저 수시모집 2025년도 동국대학교 대학신입학생 입학전형(수시모집요강),2024. 5. 27.,모집요강,교육·입시정보,https://blog.naver.com/skills_in_math2/223460090104,1517,13,추출
223459984974,한국외대 학종 교과 수능최저 정시모집 2025년도 한국외국어대학교 대학신입학생 입학전형(정시모집요강),2024. 5. 27.,모집요강,교육·입시정보,https://blog.naver.com/skills_in_math2/223459984974,1860,14,추출
223459892358,중계동 수학학원 수학의기술 6월 개강반 수강신청하러 고고!,2024. 5. 27.,문의폭주개강소식,모집·개강,https://blog.naver.com/skills_in_math2/223459892358,1650,11,추출
223457671790,"중계동 중고등수학학원 수학의기술, 최상위권 최다 배출!(1학기 중간고사 성적 공개)",2024. 5. 25.,은행사거리점(직접 게시),시험분석·대비,https://blog.naver.com/skills_in_math2/223457671790,4312,10,추출
223456055982,"중계동 수학학원, 중고등 1학기 기말일정 불암중 을지중 상명중 재현고 대진여고 영신여고",2024. 5. 23.,은행사거리점(직접 게시),소개·공지·기타,https://blog.naver.com/skills_in_math2/223456055982,3207,17,추출
223455415517,하나고등학교 신입생 입학 전형 요강 정리!,2024. 5. 23.,고등학교,교육·입시정보,https://blog.naver.com/skills_in_math2/223455415517,3077,10,추출
223454943000,한국외대 학종 교과 수능최저 수시모집 2025년도 한국외국어대학교 대학신입학생 입학전형(수시모집요강),2024. 5. 22.,모집요강,교육·입시정보,https://blog.naver.com/skills_in_math2/223454943000,2397,6,추출
223454841945,경희대 학종 교과 수능최저 정시모집 2025년도 경희대학교 대학신입학생 입학전형(정시모집요강),2024. 5. 22.,모집요강,교육·입시정보,https://blog.naver.com/skills_in_math2/223454841945,1873,11,추출
223453788702,경희대 학종 교과 수능최저 수시모집 2025년도 경희대학교 대학신입학생 입학전형(수시모집요강),2024. 5. 21.,모집요강,교육·입시정보,https://blog.naver.com/skills_in_math2/223453788702,2622,8,추출
223453703697,홍익대 학종 교과 수능최저 정시모집 2025년도 홍익대학교 대학신입학생 입학전형(정시모집요강),2024. 5. 21.,모집요강,교육·입시정보,https://blog.naver.com/skills_in_math2/223453703697,1811,20,추출
223452577659,홍익대 학종 교과 수능최저 수시모집 2025년도 홍익대학교 대학신입학생 입학전형(수시모집요강),2024. 5. 20.,모집요강,교육·입시정보,https://blog.naver.com/skills_in_math2/223452577659,2081,14,추출
223452499080,숙명여대 학종 교과 수능최저 정시모집 2025년도 숙명여자대학교 대학신입학생 입학전형(정시모집요강),2024. 5. 20.,모집요강,교육·입시정보,https://blog.naver.com/skills_in_math2/223452499080,1205,6,추출
223452437590,"중계동 고등수학학원, 수학의기술 수학 공부량 챔피언 Top 10",2024. 5. 20.,은행사거리점(직접 게시),학습성과·후기,https://blog.naver.com/skills_in_math2/223452437590,3132,18,추출
223448610872,"중계동 중고등수학학원, 주목!! 수학의기술만의 여름맞이 개강반 안내",2024. 5. 17.,은행사거리점(직접 게시),모집·개강,https://blog.naver.com/skills_in_math2/223448610872,3951,20,추출
223448977473,인서울 대학 TOP 20 환경공학과 경쟁률 및 등급컷 순위!,2024. 5. 17.,대입분석,교육·입시정보,https://blog.naver.com/skills_in_math2/223448977473,2277,11,추출
223448525782,숙명여대 학종 교과 수능최저 수시모집 2025년도 숙명여자대학교 대학신입학생 입학전형(수시모집요강),2024. 5. 16.,모집요강,교육·입시정보,https://blog.naver.com/skills_in_math2/223448525782,1896,7,추출
223448405727,중계동 수학학원 수학의기술 은행사거리 미래설계반 인증시험 안내,2024. 5. 16.,은행사거리점(직접 게시),소개·공지·기타,https://blog.naver.com/skills_in_math2/223448405727,1176,5,추출
223446776791,주요 대학들의 2026학년도 대격변!! 미리 대입전략 세우자!,2024. 5. 14.,대입분석,교육·입시정보,https://blog.naver.com/skills_in_math2/223446776791,4296,13,추출
223446458138,가천대 학종 교과 수능최저 정시모집 2025년도 가천대학교 대학신입학생 입학전형(정시모집요강),2024. 5. 14.,모집요강,교육·입시정보,https://blog.naver.com/skills_in_math2/223446458138,1000,10,추출
223445306209,가천대 학종 교과 수능최저 수시모집 2025년도 가천대학교 대학신입학생 입학전형(수시모집요강),2024. 5. 13.,모집요강,교육·입시정보,https://blog.naver.com/skills_in_math2/223445306209,2054,5,추출
223442420537,"중계동 수학학원, 수학의기술 아이 맞춤 밀착 기말고사 내신관리수업",2024. 5. 10.,은행사거리점(직접 게시),시험분석·대비,https://blog.naver.com/skills_in_math2/223442420537,3192,28,추출
223441613252,"육사, 공사, 해사 등 사관학교 전형을 알아보자!!",2024. 5. 9.,대입분석,교육·입시정보,https://blog.naver.com/skills_in_math2/223441613252,2627,10,추출
223441465902,서울시립대 학종 교과 수능최저 정시모집 2025년도 서울시립대학교 대학신입학생 입학전형(정시모집요강),2024. 5. 9.,모집요강,교육·입시정보,https://blog.naver.com/skills_in_math2/223441465902,1196,5,추출
223441370654,서울시립대 학종 교과 수능최저 수시모집 2025년도 서울시립대학교 대학신입학생 입학전형(수시모집요강),2024. 5. 9.,모집요강,교육·입시정보,https://blog.naver.com/skills_in_math2/223441370654,1767,5,추출
223440299350,이화여대 학종 교과 수능최저 정시모집 2025년도 이화여자대학교 대학신입학생 입학전형(정시모집요강),2024. 5. 8.,모집요강,교육·입시정보,https://blog.naver.com/skills_in_math2/223440299350,1975,15,추출
223440199393,이화여대 학종 교과 수능최저 수시모집 2025년도 이화여자대학교 대학신입학생 입학전형(수시모집요강),2024. 5. 8.,모집요강,교육·입시정보,https://blog.naver.com/skills_in_math2/223440199393,2395,14,추출
223439076924,연세대 학종 교과 수능최저 정시모집 2025년도 연세대학교 대학신입학생 입학전형(정시모집요강),2024. 5. 7.,모집요강,교육·입시정보,https://blog.naver.com/skills_in_math2/223439076924,2644,12,추출
223438970183,연세대 학종 교과 수능최저 수시모집 2025년도 연세대학교 대학신입학생 입학전형(수시모집요강),2024. 5. 7.,모집요강,교육·입시정보,https://blog.naver.com/skills_in_math2/223438970183,2873,14,추출
223436097777,"2026학년도 대입 수시모집 증가, 학폭 조치사항 의무 반영!",2024. 5. 7.,대입분석,교육·입시정보,https://blog.naver.com/skills_in_math2/223436097777,1151,7,추출
223435341358,중계동 수학의기술학원 중고등학생 공부시간 TOP10 특별 첫공개!(24년 4월),2024. 5. 3.,수학의기술 상위 카테고리,학습성과·후기,https://blog.naver.com/skills_in_math2/223435341358,3805,25,추출
223434277943,인서울 소프트웨어학과 TOP20 등급컷 및 경쟁률 비교!,2024. 5. 2.,대입분석,교육·입시정보,https://blog.naver.com/skills_in_math2/223434277943,1733,8,추출
223434194541,고려대 학종 교과 수능최저 정시모집 2025년도 고려대학교 대학신입학생 입학전형(정시모집요강),2024. 5. 2.,모집요강,교육·입시정보,https://blog.naver.com/skills_in_math2/223434194541,1849,10,추출
223434129308,고려대 학종 교과 수능최저 수시모집 2025년도 고려대학교 대학신입학생 입학전형(수시모집요강),2024. 5. 2.,모집요강,교육·입시정보,https://blog.naver.com/skills_in_math2/223434129308,2048,8,추출
223428112598,"길음동수학학원추천, 서울 TOP 50위 학교에서 최상위권 성적 배출! 수학의기술학원",2024. 5. 1.,삼각산점(직접 게시),소개·공지·기타,https://blog.naver.com/skills_in_math2/223428112598,4251,55,추출
223432293010,"대취업난시대! 높은 취업률, 좋은 워라밸!! 물리치료학과에 대해 알아보자!",2024. 4. 30.,대입분석,교육·입시정보,https://blog.naver.com/skills_in_math2/223432293010,2293,11,추출
223432037073,중앙대 학종 교과 수능최저 정시모집 2025년도 중앙대학교 대학신입학생 입학전형(정시모집요강),2024. 4. 30.,모집요강,교육·입시정보,https://blog.naver.com/skills_in_math2/223432037073,1883,7,추출
223431936092,중앙대 학종 교과 수능최저 수시모집 2025년도 중앙대학교 대학신입학생 입학전형(수시모집요강),2024. 4. 30.,모집요강,교육·입시정보,https://blog.naver.com/skills_in_math2/223431936092,2435,6,추출
223430840044,한양대 학종 교과 수능최저 정시모집 2025년도 한양대학교 대학신입학생 입학전형(정시모집요강),2024. 4. 29.,모집요강,교육·입시정보,https://blog.naver.com/skills_in_math2/223430840044,1509,9,추출
223430744588,한양대 학종 교과 수능최저 수시모집 2025년도 한양대학교 대학신입학생 입학전형(수시모집요강),2024. 4. 29.,모집요강,교육·입시정보,https://blog.naver.com/skills_in_math2/223430744588,1221,7,추출
223428946310,"수학과 대학 학종! 인공지능, 빅데이터, 핀테크 같은 다양한 진로 파헤치기!",2024. 4. 27.,대입분석,교육·입시정보,https://blog.naver.com/skills_in_math2/223428946310,2252,10,추출
223426995214,성균관대 학종 교과 수능최저 정시모집 2025년도 성균관대학교 대학신입학생 입학전형(정시모집요강),2024. 4. 25.,모집요강,교육·입시정보,https://blog.naver.com/skills_in_math2/223426995214,878,7,추출
223426926111,성균관대 학종 교과 수능최저 수시모집 2025년도 성균관대학교 대학신입학생 입학전형(수시모집요강),2024. 4. 25.,모집요강,교육·입시정보,https://blog.naver.com/skills_in_math2/223426926111,843,6,추출
223425851369,서울대 학종 교과 수능최저 정시모집 2025년도 서울대학교 대학신입학생 입학전형(정시모집요강),2024. 4. 24.,모집요강,교육·입시정보,https://blog.naver.com/skills_in_math2/223425851369,1139,7,추출
223425642880,"중계동 수학학원 추천, 초등부터 고등까지 allcare! 수학의기술학원",2024. 4. 24.,수학의기술 상위 카테고리,소개·공지·기타,https://blog.naver.com/skills_in_math2/223425642880,4859,54,추출
223424726546,고3 3월 학력평과 결과 발표! 내가 갈 수 있는 대학은??,2024. 4. 23.,대입분석,교육·입시정보,https://blog.naver.com/skills_in_math2/223424726546,1964,9,추출
223424687632,서울대 학종 교과 수능최저 수시모집 2025년도 서울대학교 대학신입학생 입학전형(수시모집요강),2024. 4. 23.,모집요강,교육·입시정보,https://blog.naver.com/skills_in_math2/223424687632,791,10,추출
223423102033,"길음동 수학학원 추천, 성적 수직 상승, 화제의 그 학원 수학의기술학원",2024. 4. 22.,성북길음점(직접 게시),소개·공지·기타,https://blog.naver.com/skills_in_math2/223423102033,3771,53,추출
223419546893,"취업난, 의대증원으로 간호대 인기 상승! 2025년 학년도 대입에 1천 명 증원되어 대학 입시에 변수가 된다!",2024. 4. 18.,대입분석,교육·입시정보,https://blog.naver.com/skills_in_math2/223419546893,1590,9,추출
223416495628,"요즘 가장 핫한 AI! 학생부종합전형으로 ""인공지능학과"" 진학해 보자!",2024. 4. 16.,대입분석,교육·입시정보,https://blog.naver.com/skills_in_math2/223416495628,1977,12,추출
223413913674,"2025년 생기부, 학생부 반영 항목 변경! 효율적인 학교생활 전략 세우기!",2024. 4. 12.,교육정보,교육·입시정보,https://blog.naver.com/skills_in_math2/223413913674,1532,9,추출
223413580379,"중계동 수학학원 추천 요즘 난리라는 그 학원, 수학의기술학원!",2024. 4. 12.,은행사거리점(직접 게시),소개·공지·기타,https://blog.naver.com/skills_in_math2/223413580379,4111,54,추출
223407436973,인서울대학교 AI 인공지능학과 등급컷 및 경쟁률,2024. 4. 6.,대입분석,교육·입시정보,https://blog.naver.com/skills_in_math2/223407436973,1352,6,추출
223406417105,인서울 대학교 컴퓨터공학과 등급컷 및 경쟁률 순위,2024. 4. 5.,대입분석,교육·입시정보,https://blog.naver.com/skills_in_math2/223406417105,1561,8,추출
223369536749,장위중학교 장위중 2023 학교소개 및 수학 성적 분석,2024. 2. 29.,중학교,교육·입시정보,https://blog.naver.com/skills_in_math2/223369536749,2545,12,추출
223369499284,서울사대부중 서울대학교사범대학부설중학교 2023 학교소개 및 수학 성적 분석,2024. 2. 29.,중학교,교육·입시정보,https://blog.naver.com/skills_in_math2/223369499284,2692,13,추출
223369470171,성신여자중학교 성신여중 2023 학교소개 및 수학 성적 분석,2024. 2. 29.,중학교,교육·입시정보,https://blog.naver.com/skills_in_math2/223369470171,2649,12,추출
223369436672,고대부중 고려대학교사범대학부속중학교 2023 학교소개 및 수학 성적 분석,2024. 2. 29.,중학교,교육·입시정보,https://blog.naver.com/skills_in_math2/223369436672,2652,14,추출
223368958162,수유중학교 수유중 2023 학교 소개 및 수학 성적 분석,2024. 2. 29.,중학교,교육·입시정보,https://blog.naver.com/skills_in_math2/223368958162,2674,12,추출
223367670303,중계동수학학원 자체 프로그램으로 철저한 내신 대비!,2024. 2. 28.,소개,소개·공지·기타,https://blog.naver.com/skills_in_math2/223367670303,1659,12,추출
223367413711,하계중학교 하계중 2023 학교 소개 및 수학 성적 분석,2024. 2. 28.,중학교,교육·입시정보,https://blog.naver.com/skills_in_math2/223367413711,2848,12,추출
223366814789,중계동 수학학원 24년 첫 설명회의 현장@수학의기술 학원 은행사거리점,2024. 2. 27.,은행사거리점(직접 게시),모집·개강,https://blog.naver.com/skills_in_math2/223366814789,1358,10,추출
223365884237,중계동 수학학원 수학의기술 3월 개강 소식!,2024. 2. 26.,문의폭주개강소식,모집·개강,https://blog.naver.com/skills_in_math2/223365884237,944,17,추출
223364907487,길음동 수학학원 첫 설명회 뜨거운 현장 @수학의기술학원 성북길음점,2024. 2. 25.,성북길음점(직접 게시),모집·개강,https://blog.naver.com/skills_in_math2/223364907487,1609,11,추출
223364785064,중평중학교 중평중 2023 학교 소개 및 수학 성적 분석,2024. 2. 25.,중학교,교육·입시정보,https://blog.naver.com/skills_in_math2/223364785064,2666,13,추출
223364761114,재현중학교 재현중 2023 학교 소개 및 수학 성적 분석,2024. 2. 25.,중학교,교육·입시정보,https://blog.naver.com/skills_in_math2/223364761114,2585,12,추출
223364709417,상계제일중학교 상계제일중 2023 학교 소개 및 수학 성적 분석,2024. 2. 25.,중학교,교육·입시정보,https://blog.naver.com/skills_in_math2/223364709417,2701,12,추출
223355449163,24년 첫 설명회 고교학점제 설명회 현장 @수학의기술학원 삼각산점,2024. 2. 16.,삼각산점(직접 게시),모집·개강,https://blog.naver.com/skills_in_math2/223355449163,2748,16,추출
223346082895,중계동 수학학원 외고|자사고 내신 결과(선덕고|신일고|대일외고|서울외고),2024. 2. 6.,은행사거리점(직접 게시),소개·공지·기타,https://blog.naver.com/skills_in_math2/223346082895,1856,21,추출
223339805185,상계중학교 상계중 2023 학교 소개 및 수학 성적 분석,2024. 2. 2.,중학교,교육·입시정보,https://blog.naver.com/skills_in_math2/223339805185,2940,15,추출
223339657061,성암여자중학교 성암여중 2023 학교 소개 및 수학 성적 분석,2024. 2. 1.,중학교,교육·입시정보,https://blog.naver.com/skills_in_math2/223339657061,2996,14,추출
223339765336,[수학의기술] 중학생을 위한 고교학점제 전략설명회,2024. 1. 31.,삼각산점(직접 게시),모집·개강,https://blog.naver.com/skills_in_math2/223339765336,1950,12,추출
223339568158,영훈국제중학교 영훈국제중 2024 학교 소개 및 성적 확인,2024. 1. 31.,중학교,교육·입시정보,https://blog.naver.com/skills_in_math2/223339568158,3370,18,추출
223338520915,🚨200명 정원 마감![대기 신청 가능!]🚨중계동 수학학원 중등 고교학점제 전략 설명회 안내,2024. 1. 30.,은행사거리점(직접 게시),모집·개강,https://blog.naver.com/skills_in_math2/223338520915,1400,23,추출
223335534113,숭곡중학교 숭곡중 2023 학교 소개 및 수학 성적 분석,2024. 1. 30.,중학교,교육·입시정보,https://blog.naver.com/skills_in_math2/223335534113,3012,14,추출
223334765626,개운중학교 개운중 2023 학교소개 및 수학 성적 분석,2024. 1. 29.,중학교,교육·입시정보,https://blog.naver.com/skills_in_math2/223334765626,3064,14,추출
223336334899,2024 중학생을 위한 고교학점제 전략설명회 소식입니다!,2024. 1. 28.,은행사거리점(직접 게시),모집·개강,https://blog.naver.com/skills_in_math2/223336334899,1380,3,추출
223334730102,솔샘중학교 솔샘중 2023 학교소개 및 수학 성적 분석,2024. 1. 28.,중학교,교육·입시정보,https://blog.naver.com/skills_in_math2/223334730102,3105,14,추출
223333633011,을지중학교 을지중 2023 학교소개 및 수학 성적 분석,2024. 1. 27.,중학교,교육·입시정보,https://blog.naver.com/skills_in_math2/223333633011,3015,14,추출
223333716999,길음중학교 길음중 2023 학교 소개 및 수학 성적 분석,2024. 1. 27.,중학교,교육·입시정보,https://blog.naver.com/skills_in_math2/223333716999,3125,14,추출
223332621851,중계중학교 중계중 2023 학교소개 및 수학 성적 분석,2024. 1. 26.,중학교,교육·입시정보,https://blog.naver.com/skills_in_math2/223332621851,3063,15,추출
223333687304,삼각산중학교 삼각산중 2023 학교소개 및 수학 성적 분석,2024. 1. 25.,중학교,교육·입시정보,https://blog.naver.com/skills_in_math2/223333687304,3062,14,추출
223332584038,상명중학교 상명중 2023 학교소개 및 수학 성적 분석,2024. 1. 25.,중학교,교육·입시정보,https://blog.naver.com/skills_in_math2/223332584038,3138,14,추출
223332522172,불암중학교 불암중 2023 학교소개 및 수학 성적 분석,2024. 1. 24.,중학교,교육·입시정보,https://blog.naver.com/skills_in_math2/223332522172,2959,14,추출
223324298260,"[수학의기술] 교습과목/시간/과정, 교습비 안내, 수강반환기준표 및 학원운영등록증",2024. 1. 16.,교습비 안내 및 운영등록증,소개·공지·기타,https://blog.naver.com/skills_in_math2/223324298260,297,10,추출
223321188604,[공지] 수학의기술 삼각산점 클리닉 OPEN 기념 레벨테스트 무료 이벤트!,2024. 1. 13.,삼각산점 중등반,이벤트·행사,https://blog.naver.com/skills_in_math2/223321188604,696,10,추출
223321165450,"[공지] 길음동 수학의기술학원 삼각산점, 2024 겨울방학 특강으로 알차게 보내기",2024. 1. 13.,삼각산점 중등반,모집·개강,https://blog.naver.com/skills_in_math2/223321165450,1801,19,추출
223316098227,"길음동수학학원 수학의기술 2024 입결 이화여대 수시 합격수기 - 이화여자대학교 컴퓨터공학과 홍*민 학생 (고대부중, 혜화여고 졸업)",2024. 1. 8.,성북길음점 고등반,학습성과·후기,https://blog.naver.com/skills_in_math2/223316098227,5485,11,추출
223316096797,"길음동수학학원 수학의기술 2024 입결 고려대 수시 합격수기 - 고려대학교 심리학부 박*민 학생 (삼각산중, 대일외고 졸업)",2024. 1. 8.,성북길음점 고등반,학습성과·후기,https://blog.naver.com/skills_in_math2/223316096797,6158,11,추출
223316095939,"길음동수학학원 수학의기술 2024 입결 연세대 수시 합격수기 - 연세대학교 사회복지학과 조*헌 학생 (삼각산중, 대일외고 졸업)",2024. 1. 8.,성북길음점 고등반,학습성과·후기,https://blog.naver.com/skills_in_math2/223316095939,4731,9,추출
223316094770,"길음동수학학원 수학의기술 2024 입결 서울대 수시 합격수기 - 서울대학교 사회학과 이*우 학생 (삼각산중, 대일외고 졸업)",2024. 1. 8.,성북길음점 고등반,학습성과·후기,https://blog.naver.com/skills_in_math2/223316094770,6154,11,추출
223313604624,중계동수학학원 수학의기술 2024 입결 이화여대 수시 합격수기(2편) - 이화여자대학교 컴퓨터공학과 홍*민 학생,2024. 1. 5.,은행사거리점(직접 게시),학습성과·후기,https://blog.naver.com/skills_in_math2/223313604624,3243,10,추출
223313604405,중계동수학학원 수학의기술 2024 입결 이화여대 수시 합격수기(1편) - 이화여자대학교 컴퓨터공학과 홍*민 학생,2024. 1. 5.,은행사거리점(직접 게시),학습성과·후기,https://blog.naver.com/skills_in_math2/223313604405,3165,10,추출
223313603532,중계동수학학원 수학의기술 2024 입결 고려대 수시 합격수기(2편) - 고려대학교 심리학부 박*민 학생,2024. 1. 5.,은행사거리점(직접 게시),학습성과·후기,https://blog.naver.com/skills_in_math2/223313603532,4642,10,추출
223313602278,중계동수학학원 수학의기술 2024 입결 고려대 수시 합격수기(1편) - 고려대학교 심리학부 박*민 학생,2024. 1. 5.,은행사거리점(직접 게시),학습성과·후기,https://blog.naver.com/skills_in_math2/223313602278,4045,10,추출
223313601459,중계동수학학원 수학의기술 2024 입결 연세대 수시 합격수기(2편) - 연세대학교 사회복지학과 조*헌 학생,2024. 1. 5.,은행사거리점(직접 게시),학습성과·후기,https://blog.naver.com/skills_in_math2/223313601459,3144,10,추출
223313601271,중계동수학학원 수학의기술 2024 입결 연세대 수시 합격수기(1편) - 연세대학교 사회복지학과 조*헌 학생,2024. 1. 5.,은행사거리점(직접 게시),학습성과·후기,https://blog.naver.com/skills_in_math2/223313601271,2998,10,추출
223313600681,중계동수학학원 수학의기술 2024 입결 서울대 수시 합격수기(2편) - 서울대학교 사회학과 이*우 학생,2024. 1. 5.,은행사거리점(직접 게시),학습성과·후기,https://blog.naver.com/skills_in_math2/223313600681,4328,10,추출
223313600212,중계동수학학원 수학의기술 2024 입결 서울대 수시 합격수기(1편) - 서울대학교 사회학과 이*우 학생,2024. 1. 5.,은행사거리점(직접 게시),학습성과·후기,https://blog.naver.com/skills_in_math2/223313600212,4144,10,추출
223313460318,"중계동, 수시 광탈자들 속출 속에서도 살아남다.",2024. 1. 5.,은행사거리점(직접 게시),소개·공지·기타,https://blog.naver.com/skills_in_math2/223313460318,2637,21,추출
223312900461,중계동 수학학원 수학의기술 2관 OPEN 기념 레벨테스트 무료 이벤트!,2024. 1. 5.,문의폭주개강소식,모집·개강,https://blog.naver.com/skills_in_math2/223312900461,899,12,추출
223312354430,"중계동 수학학원 수학의기술, 2028 대입개편, 심화수학을 대체할 변별력의 주인공은?",2024. 1. 4.,은행사거리점(직접 게시),소개·공지·기타,https://blog.naver.com/skills_in_math2/223312354430,2107,21,추출
223308296967,선덕고등학교 입시설명회 2023 선덕고 입결 및 대입 실적,2023. 12. 31.,고등학교,교육·입시정보,https://blog.naver.com/skills_in_math2/223308296967,3804,14,추출
223307421227,신일고등학교 입시설명회 2023 신일고 입결 및 대입 실적,2023. 12. 30.,고등학교,교육·입시정보,https://blog.naver.com/skills_in_math2/223307421227,3718,14,추출
223306616465,청원고등학교 입시설명회 2023 청원고 입결 및 대입 실적,2023. 12. 29.,고등학교,교육·입시정보,https://blog.naver.com/skills_in_math2/223306616465,3875,14,추출
223305856016,수학의기술학원 중계점 2023 하반기2차 수기고사 결과,2023. 12. 28.,중계점(직접 게시),소개·공지·기타,https://blog.naver.com/skills_in_math2/223305856016,1183,13,추출
223303887040,창동고등학교 입시설명회 2023 창동고 입결 및 대입 실적,2023. 12. 26.,고등학교,교육·입시정보,https://blog.naver.com/skills_in_math2/223303887040,3759,14,추출
223302742920,재현고등학교 입시설명회 2023 재현고 입결 및 대입 실적,2023. 12. 25.,고등학교,교육·입시정보,https://blog.naver.com/skills_in_math2/223302742920,3890,14,추출
223301939653,상명고등학교 입시설명회 2023 상명고 입결 및 대입 실적,2023. 12. 24.,고등학교,교육·입시정보,https://blog.naver.com/skills_in_math2/223301939653,3868,14,추출
223301894088,용화여자고등학교 입시설명회 2023 용화여고 입결 및 대입 실적,2023. 12. 24.,고등학교,교육·입시정보,https://blog.naver.com/skills_in_math2/223301894088,4014,14,추출
223301620665,"중계동수학학원 수학의기술 2024 입결 수시 합격수기(예고편) - 서울대, 연세대, 고려대 등",2023. 12. 24.,은행사거리점(직접 게시),학습성과·후기,https://blog.naver.com/skills_in_math2/223301620665,1914,11,추출
223301338194,서울외국어고등학교 입시설명회 2023 서울외고 입결 및 대입 실적,2023. 12. 23.,고등학교,교육·입시정보,https://blog.naver.com/skills_in_math2/223301338194,4065,15,추출
223301283549,대진여자고등학교 입시설명회 2023 대진여고 입결 및 대입 실적,2023. 12. 23.,고등학교,교육·입시정보,https://blog.naver.com/skills_in_math2/223301283549,3890,14,추출
223294957020,청원여자고등학교 입시설명회 2023 청원여고 입결 및 대입 실적,2023. 12. 17.,고등학교,교육·입시정보,https://blog.naver.com/skills_in_math2/223294957020,3911,14,추출
223294786432,영신여자고등학교 입시설명회 2023 영신여고 입결및 대입 실적,2023. 12. 16.,고등학교,교육·입시정보,https://blog.naver.com/skills_in_math2/223294786432,3863,14,추출
223283670578,중계동수학학원 수학의기술 2023년 초등수학 하반기 연산대회 시상,2023. 12. 5.,중계점 초등반,소개·공지·기타,https://blog.naver.com/skills_in_math2/223283670578,1311,12,추출
223283622621,중계동 수학의기술 은행사거리점 수학적 사고력 UP!,2023. 12. 5.,은행사거리점(직접 게시),소개·공지·기타,https://blog.naver.com/skills_in_math2/223283622621,1973,14,추출
223279998332,대일외국어고등학교 입시설명회로 본 2023 대일외고 입결과 대입 실적,2023. 12. 1.,고등학교,교육·입시정보,https://blog.naver.com/skills_in_math2/223279998332,5204,15,추출
223278284998,중계동 수학학원 수학의기술 은행사거리점 2024 1학기 현행심화를 잡아라! 반배치고사 시행 안내,2023. 11. 29.,은행사거리점 중등반,소개·공지·기타,https://blog.naver.com/skills_in_math2/223278284998,2876,14,추출
223276473843,중계동수학학원에서 중등수학을 시작하는 학생들을 위한 원샷원킬 중 1-1 과정 3차 추가 개강 확정!,2023. 11. 27.,문의폭주개강소식,모집·개강,https://blog.naver.com/skills_in_math2/223276473843,1878,14,추출
223275401391,중계동 수학학원이 만들어준 자신감으로 100점 받은 수업후기,2023. 11. 26.,은행사거리점 중등반,학습성과·후기,https://blog.naver.com/skills_in_math2/223275401391,3053,17,추출
223271148624,중계동 수학의기술 학원 2024 동계특강으로 겨울방학 준비 완료!,2023. 11. 22.,문의폭주개강소식,모집·개강,https://blog.naver.com/skills_in_math2/223271148624,2375,15,추출
223269925650,2024 정시박람회 수능 끝난 고등학생을 위한 정시 대학입학정보박람회를 중계동 수학의기술학원에서 알려드립니다.,2023. 11. 20.,은행사거리점 고등반,소개·공지·기타,https://blog.naver.com/skills_in_math2/223269925650,1751,10,추출
223269667859,중계동 수학의기술 서울 강북구 2024학년도 정시모집 대입전략 설명회,2023. 11. 20.,은행사거리점 고등반,모집·개강,https://blog.naver.com/skills_in_math2/223269667859,2060,8,추출
223267723987,중계동 수학의기술학원 초/중등을 위한 12월 과정반 개강 발표!,2023. 11. 17.,문의폭주개강소식,모집·개강,https://blog.naver.com/skills_in_math2/223267723987,831,14,추출
223267577857,"중계동 수학의기술 학원 2024학년도 수능 끝, 수능 할인 혜택 받자!",2023. 11. 17.,은행사거리점 고등반,소개·공지·기타,https://blog.naver.com/skills_in_math2/223267577857,3157,23,추출
223266307527,길음동 수학의기술학원 중학교 중등수학 인증시험 결과 오픈합니다!,2023. 11. 16.,삼각산점 중등반,소개·공지·기타,https://blog.naver.com/skills_in_math2/223266307527,1948,20,추출
223266293732,수학전문학원 중계동수학의기술학원이 알려주는 수포자 극복하는 공부 비법!,2023. 11. 16.,은행사거리점 중등반,수업·학습관리,https://blog.naver.com/skills_in_math2/223266293732,2578,22,추출
223266077526,2023 가천대 수시등급 가천대 수시컷 학종 입결 커트라인,2023. 11. 16.,대입분석,교육·입시정보,https://blog.naver.com/skills_in_math2/223266077526,1903,12,추출
223266074194,2023 가천대 수시등급 가천대학교 수시컷 교과전형 입결 커트라인,2023. 11. 16.,대입분석,교육·입시정보,https://blog.naver.com/skills_in_math2/223266074194,4806,17,추출
223266068238,2023 가천대 정시등급 가천대학교 정시컷 입결 가천대 커트라인,2023. 11. 16.,대입분석,교육·입시정보,https://blog.naver.com/skills_in_math2/223266068238,2836,8,추출
223266064340,2023 세종대 수시등급 세종대학교 수시컷 학종 창의인재 입결 커트라인,2023. 11. 16.,대입분석,교육·입시정보,https://blog.naver.com/skills_in_math2/223266064340,2586,12,추출
223266040724,2023 세종대 수시등급 세종대학교 수시컷 교과전형 지균 입결 커트라인,2023. 11. 16.,대입분석,교육·입시정보,https://blog.naver.com/skills_in_math2/223266040724,2446,12,추출
223266031406,2023 세종대 정시등급 세종대학교 정시컷 입결 세종대 커트라인,2023. 11. 16.,대입분석,교육·입시정보,https://blog.naver.com/skills_in_math2/223266031406,2262,10,추출
223265989710,2023 국민대 수시등급 국민대학교 학종 수시컷 국민프런티 입결 커트라인,2023. 11. 15.,대입분석,교육·입시정보,https://blog.naver.com/skills_in_math2/223265989710,3788,11,추출
223265967958,2023 국민대 수시등급 국민대학교 수시컷 교과전형 입결 커트라인,2023. 11. 15.,대입분석,교육·입시정보,https://blog.naver.com/skills_in_math2/223265967958,2988,12,추출
223265947634,2023 국민대 정시등급 국민대 정시컷 입결 국민대학교 커트라인,2023. 11. 15.,대입분석,교육·입시정보,https://blog.naver.com/skills_in_math2/223265947634,2496,8,추출
223265892544,2023 숙명여대 수시등급 숙대 수시컷 숙명인재 학종 입결 커트라인,2023. 11. 15.,대입분석,교육·입시정보,https://blog.naver.com/skills_in_math2/223265892544,3779,11,추출
223265868971,2023 숙명여대 수시컷 숙대 수시컷 교과전형 지균 숙명여자대학교 입결 커트라인,2023. 11. 15.,대입분석,교육·입시정보,https://blog.naver.com/skills_in_math2/223265868971,3010,12,추출
223265843060,2023 숙명여대 정시등급 숙대 정시컷 숙명여자대학교 입결 정시 커트라인,2023. 11. 15.,대입분석,교육·입시정보,https://blog.naver.com/skills_in_math2/223265843060,2504,8,추출
223264049739,중계동수학의기술학원 중3 학생들을 위한 고등과정 12월 개강반 오픈합니다~,2023. 11. 14.,은행사거리점 고등반,모집·개강,https://blog.naver.com/skills_in_math2/223264049739,2721,16,추출
223263994813,2023 홍대 수시등급 홍익대학교 수시컷 학종 학교생활우수자전형 입결 커트라인,2023. 11. 14.,대입분석,교육·입시정보,https://blog.naver.com/skills_in_math2/223263994813,2197,13,추출
223263979219,2023 홍대 수시등급 홍익대학교 수시컷 홍대 교과전형 학교장추천전형 입결 커트라인,2023. 11. 14.,대입분석,교육·입시정보,https://blog.naver.com/skills_in_math2/223263979219,2799,10,추출
223263957876,2023 홍대 정시등급 홍익대학교 정시컷 입결 홍대 정시 커트라인,2023. 11. 13.,대입분석,교육·입시정보,https://blog.naver.com/skills_in_math2/223263957876,3111,10,추출
223263813856,중계동수학의기술학원 중학교 중등수학 인증시험 결과 오픈합니다!!,2023. 11. 13.,은행사거리점 중등반,소개·공지·기타,https://blog.naver.com/skills_in_math2/223263813856,1665,14,추출
223263684183,[수학의기술][중계점] 중1-1 PRE 커리큘럼 개강!,2023. 11. 13.,중계점(직접 게시),모집·개강,https://blog.naver.com/skills_in_math2/223263684183,1481,13,추출
223262963797,2023 동국대 수시등급 동국대학교 수시컷 학종 두드림 입결 커트라인,2023. 11. 13.,대입분석,교육·입시정보,https://blog.naver.com/skills_in_math2/223262963797,2381,11,추출
223262944956,2023 동국대 수시등급 동국대학교 수시컷 교과 학교장추천인재 입결 커트라인,2023. 11. 12.,대입분석,교육·입시정보,https://blog.naver.com/skills_in_math2/223262944956,2819,11,추출
223262924037,2023 동국대 정시등급 동국대학교 정시컷 입결 동국대학교 커트라인,2023. 11. 12.,대입분석,교육·입시정보,https://blog.naver.com/skills_in_math2/223262924037,2715,11,추출
223262904598,2023 건국대 수시등급 건국대학교 수시컷 학종 자기추천전형 커트라인 입결,2023. 11. 12.,대입분석,교육·입시정보,https://blog.naver.com/skills_in_math2/223262904598,2330,12,추출
223262882333,2023 건국대 수시등급 건국대학교 수시컷 교과전형 지균 입결 커트라인,2023. 11. 12.,대입분석,교육·입시정보,https://blog.naver.com/skills_in_math2/223262882333,2688,9,추출
223262868292,2023 건국대 정시등급 건국대학교 정시컷 입결 건국대 커트라인,2023. 11. 12.,대입분석,교육·입시정보,https://blog.naver.com/skills_in_math2/223262868292,2924,9,추출
223262847310,2023 이화여대 수시등급 이화여대 수시컷 학종 학생부,2023. 11. 12.,대입분석,교육·입시정보,https://blog.naver.com/skills_in_math2/223262847310,2550,12,추출
223262821544,2023 이화여대 수시등급 이화여대 수시컷 교과 입결 고교추천전형 커트라인,2023. 11. 12.,대입분석,교육·입시정보,https://blog.naver.com/skills_in_math2/223262821544,2630,9,추출
223262809125,2023 이화여대 정시등급 이화여대 정시컷 입결 이화여자대학교 커트라인,2023. 11. 12.,대입분석,교육·입시정보,https://blog.naver.com/skills_in_math2/223262809125,2950,8,추출
223262310531,2023 서울시립대 수시등급 시립대 수시컷 학종 학생부종합전형 입결 커트라인,2023. 11. 12.,대입분석,교육·입시정보,https://blog.naver.com/skills_in_math2/223262310531,2570,10,추출
223262304143,2023 서울시립대 수시등급 시립대 수시컷 교과전형 입결 지균 커트라인,2023. 11. 12.,대입분석,교육·입시정보,https://blog.naver.com/skills_in_math2/223262304143,2851,11,추출
223262295643,2023 서울시립대 정시등급 시립대 정시컷 입결 서울시립대 커트라인,2023. 11. 12.,대입분석,교육·입시정보,https://blog.naver.com/skills_in_math2/223262295643,2837,8,추출
223262277326,2023 한국외대 수시등급 수시컷 학종 한국외대 수시 입결 커트라인,2023. 11. 12.,대입분석,교육·입시정보,https://blog.naver.com/skills_in_math2/223262277326,3227,11,추출
223262263371,2023 한국외대 수시등급 한국외대 수시컷 교과전형 입결 학교장추천전형 커트라인,2023. 11. 12.,대입분석,교육·입시정보,https://blog.naver.com/skills_in_math2/223262263371,2465,11,추출
223262243049,2023 한국외대 정시등급 한국외대 정시컷 입결 한국외대 커트라인,2023. 11. 12.,대입분석,교육·입시정보,https://blog.naver.com/skills_in_math2/223262243049,3021,10,추출
223261445217,2023 경희대 수시등급 경희대학교 수시컷 학종 네오르네상스 입결 커트라인,2023. 11. 10.,대입분석,교육·입시정보,https://blog.naver.com/skills_in_math2/223261445217,2275,12,추출
223261423040,2023 경희대 수시등급 경희대학교 수시컷 교과전형 입결 지균 커트라인,2023. 11. 10.,대입분석,교육·입시정보,https://blog.naver.com/skills_in_math2/223261423040,4290,12,추출
223261406831,2023 경희대 정시등급 경희대학교 정시컷 입결 경희대 커트라인,2023. 11. 10.,대입분석,교육·입시정보,https://blog.naver.com/skills_in_math2/223261406831,3421,13,추출
223260669390,2023 중앙대 수시등급 중앙대학교 수시컷 학종 중대 입결 커트라인,2023. 11. 10.,대입분석,교육·입시정보,https://blog.naver.com/skills_in_math2/223260669390,4039,15,추출
223260651031,2023 중앙대 수시등급 중앙대학교 수시컷 교과전형 입결 지균 커트라인,2023. 11. 10.,대입분석,교육·입시정보,https://blog.naver.com/skills_in_math2/223260651031,2150,11,추출
223260615276,2023 중앙대 정시등급 중앙대학교 정시컷 입결 중앙대 커트라인,2023. 11. 9.,대입분석,교육·입시정보,https://blog.naver.com/skills_in_math2/223260615276,3664,12,추출
223260478455,2023 서강대 수시등급 서강대학교 수시컷 학종 서강대 입결 커트라인,2023. 11. 9.,대입분석,교육·입시정보,https://blog.naver.com/skills_in_math2/223260478455,2515,9,추출
223260460617,2023 서강대 수시등급 서강대학교 수시컷 교과전형 입결 지균 커트라인,2023. 11. 9.,대입분석,교육·입시정보,https://blog.naver.com/skills_in_math2/223260460617,2225,12,추출
223260432975,2023 서강대 정시등급 서강대학교 정시컷 입결 서강대 커트라인,2023. 11. 9.,대입분석,교육·입시정보,https://blog.naver.com/skills_in_math2/223260432975,2038,13,추출
223259525726,2023 한양대 수시등급 한양대학교 수시컷 학종 한양대 입결 커트라인,2023. 11. 8.,대입분석,교육·입시정보,https://blog.naver.com/skills_in_math2/223259525726,2984,11,추출
223259497745,2023 한양대 수시등급 한양대학교 수시컷 교과 지균 한양대 수시 커트라인,2023. 11. 8.,대입분석,교육·입시정보,https://blog.naver.com/skills_in_math2/223259497745,3087,12,추출
223259384203,2023 한양대 정시등급 한양대학교 정시컷 입결 한양대 커트라인,2023. 11. 8.,대입분석,교육·입시정보,https://blog.naver.com/skills_in_math2/223259384203,2777,15,추출
223259357881,2023 성균관대 수시등급 성균관대학교 수시컷 입결 학종 커트라인,2023. 11. 8.,대입분석,교육·입시정보,https://blog.naver.com/skills_in_math2/223259357881,2454,10,추출
223257612224,2023 성균관대 수시등급 성균관대학교 수시컷 입결 교과전형 커트라인,2023. 11. 6.,대입분석,교육·입시정보,https://blog.naver.com/skills_in_math2/223257612224,2326,10,추출
223257579362,2023 성균관대 정시등급 정시컷 성균관대학교 입결 커트라인,2023. 11. 6.,대입분석,교육·입시정보,https://blog.naver.com/skills_in_math2/223257579362,2256,8,추출
223256615720,2023 고려대 수시등급 고려대학교 수시컷 입결 학생부종합 학종 커트라인,2023. 11. 6.,대입분석,교육·입시정보,https://blog.naver.com/skills_in_math2/223256615720,4867,16,추출
223256436236,2023 고려대 수시등급 고려대학교 수시컷 입결 교과전형 커트라인,2023. 11. 5.,대입분석,교육·입시정보,https://blog.naver.com/skills_in_math2/223256436236,3771,13,추출
223255773392,2023 고려대 정시등급 정시컷 고려대 입결 고려대학교 커트라인,2023. 11. 5.,대입분석,교육·입시정보,https://blog.naver.com/skills_in_math2/223255773392,3253,13,추출
223255711527,2023 연세대 수시등급 교과전형 커트라인 연세대학교 수시컷,2023. 11. 4.,대입분석,교육·입시정보,https://blog.naver.com/skills_in_math2/223255711527,3934,10,추출
223254653681,2023 연세대 수시등급 학생부종합전형 학종 커트라인 연세대학교 수시컷,2023. 11. 4.,대입분석,교육·입시정보,https://blog.naver.com/skills_in_math2/223254653681,3142,10,추출
223255170182,삼각산중 23년 중2-2 수학 기말고사 대비 삼각산중학교 22년 시험 문항 분석,2023. 11. 4.,삼각산점 중등반,시험분석·대비,https://blog.naver.com/skills_in_math2/223255170182,1707,10,추출
223254598496,2023 연세대 정시등급 정시컷 연세대 입결 연세대학교 커트라인,2023. 11. 3.,대입분석,교육·입시정보,https://blog.naver.com/skills_in_math2/223254598496,5159,10,추출
223254145581,2023 서울대 수시등급 교과전형 지역균형선발전형 커트라인 서울대 지균 수시컷 입결,2023. 11. 3.,대입분석,교육·입시정보,https://blog.naver.com/skills_in_math2/223254145581,3133,14,추출
223254204086,중계동수학의기술학원의 고등부 2학기 중간고사 결과가 오픈되었습니다!!!,2023. 11. 3.,은행사거리점 고등반,시험분석·대비,https://blog.naver.com/skills_in_math2/223254204086,1737,14,추출
223254089453,2023 서울대 수시등급 학생부종합전형 커트라인 서울대 학종 서울대학교 수시컷 입결,2023. 11. 2.,대입분석,교육·입시정보,https://blog.naver.com/skills_in_math2/223254089453,3494,14,추출
223253891608,[수학의기술 은행사거리점] 수학은 제대로 꽉 잡는다!2024 고1 대개강!,2023. 11. 2.,문의폭주개강소식,모집·개강,https://blog.naver.com/skills_in_math2/223253891608,594,5,추출
223253854424,"중계동 은행사거리에서 수학 관련 세특 도서, 고입 자소서 면접 관련 도서 대여 해주는 수학학원은?",2023. 11. 2.,문의폭주개강소식,모집·개강,https://blog.naver.com/skills_in_math2/223253854424,1125,9,추출
223253245060,2023 불암중학교 3학년 1학기 기말고사 주요유형분석을 중계동 수학학원 수학의기술학원에서 했습니다!,2023. 11. 2.,중등기출분석,시험분석·대비,https://blog.naver.com/skills_in_math2/223253245060,1746,14,추출
223253240594,2023 서울대 정시등급 정시컷 서울대학교 커트라인 입결 총 정리!,2023. 11. 2.,대입분석,교육·입시정보,https://blog.naver.com/skills_in_math2/223253240594,6494,8,추출
223252980091,2022년 상반기 수학의기술 심화고사 - 초등학생 + 중학교 1학년,2023. 11. 1.,중계점 초등반,소개·공지·기타,https://blog.naver.com/skills_in_math2/223252980091,1133,8,추출
223250604289,23년 하반기 1차 수학 정기고사 결과발표,2023. 10. 30.,중계점 초등반,소개·공지·기타,https://blog.naver.com/skills_in_math2/223250604289,1135,14,추출
223206066075,[수학의기술 은행사거리점] 2023년 1학기 고등부 기말고사 실적!,2023. 9. 9.,놀라운 수기성과,학습성과·후기,https://blog.naver.com/skills_in_math2/223206066075,1145,10,추출
223206017190,[수학의기술][은행사거리점] 2023년 1학기 중등부 기말고사 실적!,2023. 9. 8.,놀라운 수기성과,학습성과·후기,https://blog.naver.com/skills_in_math2/223206017190,1071,9,추출
223204123822,[수학의기술][은행사거리점] 2023년 중등부 9월 개강 안내,2023. 9. 6.,문의폭주개강소식,모집·개강,https://blog.naver.com/skills_in_math2/223204123822,623,8,추출
223187006539,[수학의기술 은행사거리점]2023 중등부 2학기 내신대비 시작!,2023. 8. 18.,문의폭주개강소식,모집·개강,https://blog.naver.com/skills_in_math2/223187006539,654,9,추출
223186045630,[수학의기술] 수기 자체 교재 탄생!,2023. 8. 17.,소개,소개·공지·기타,https://blog.naver.com/skills_in_math2/223186045630,1046,18,추출
223186040306,[수학의기술][삼각산점]2023 삼각산중학교 3학년 1학기 중간고사 분석+주요문항 풀이!,2023. 8. 17.,삼각산점 중등반,시험분석·대비,https://blog.naver.com/skills_in_math2/223186040306,726,6,추출
223186037571,[수학의기술][삼각산점]2023 솔샘중학교 2학년 1학기 중간고사 분석+주요문항 풀이!,2023. 8. 17.,삼각산점 중등반,시험분석·대비,https://blog.naver.com/skills_in_math2/223186037571,804,6,추출
223186034528,[수학의기술][삼각산점]2023 숭곡중학교 2학년 1학기 중간고사 분석+주요문항 풀이!,2023. 8. 17.,삼각산점 중등반,시험분석·대비,https://blog.naver.com/skills_in_math2/223186034528,893,7,추출
223186029115,[수학의기술][삼각산점] 2023 개운중 2학년 1학기 중간고사 분석,2023. 8. 17.,삼각산점 중등반,시험분석·대비,https://blog.naver.com/skills_in_math2/223186029115,1013,9,추출
223186018997,[수학의기술][삼각산점]2023 고려대부설중학교 1학년 1학기 중간고사 분석,2023. 8. 17.,삼각산점 중등반,시험분석·대비,https://blog.naver.com/skills_in_math2/223186018997,1273,8,추출
223186014953,[수학의기술] 포인트 제도,2023. 8. 17.,소개,소개·공지·기타,https://blog.naver.com/skills_in_math2/223186014953,1263,10,추출
223185868608,수학의기술 성북길음점 *후기 이벤트*,2023. 8. 17.,이벤트,이벤트·행사,https://blog.naver.com/skills_in_math2/223185868608,758,6,추출
223185864532,[수학의기술][성북길음점]2023 숭곡중학교 2학년 1학기 중간고사 분석+주요문항 풀이!,2023. 8. 17.,성북길음점 중등반,시험분석·대비,https://blog.naver.com/skills_in_math2/223185864532,931,6,추출
223185862859,[수학의기술][성북길음점]2023 개운중학교 2학년 1학기 중간고사 분석+주요문항 풀이!,2023. 8. 17.,성북길음점 중등반,시험분석·대비,https://blog.naver.com/skills_in_math2/223185862859,1045,9,추출
223185861724,[수학의기술][성북길음점]2023 고려대부설중학교 1학년 1학기 중간고사 분석+주요문항 풀이!,2023. 8. 17.,성북길음점 중등반,시험분석·대비,https://blog.naver.com/skills_in_math2/223185861724,1263,8,추출
223185856978,[수학의기술][성북길음점]2023 서울사범대학부설중학교 1학년 1학기 중간고사 분석+주요문항 풀이!,2023. 8. 17.,성북길음점 중등반,시험분석·대비,https://blog.naver.com/skills_in_math2/223185856978,1082,10,추출
223185242644,[삼각산점][중등부] 학교 시험 그 이상의 깊이로 탄탄한 고등 준비,2023. 8. 16.,삼각산점 중등반,소개·공지·기타,https://blog.naver.com/skills_in_math2/223185242644,1830,11,추출
223185228996,﻿[수학의기술] 전 지점 블로그 통합 관련 공지,2023. 8. 16.,공지사항,소개·공지·기타,https://blog.naver.com/skills_in_math2/223185228996,354,3,추출
223185202065,[수학의기술][중계점] 초등수학 개념노트 최강자를 찾아라~!!,2023. 8. 16.,삼각산점 초등반,수업·학습관리,https://blog.naver.com/skills_in_math2/223185202065,1019,13,추출
223185195240,[수학의기술][중계점]수학학원에서 포인트 모으는 재미+성취감,2023. 8. 16.,중계점 초등반,소개·공지·기타,https://blog.naver.com/skills_in_math2/223185195240,2048,18,추출
223185172533,[수학의기술] 결석 후 관리 원칙,2023. 8. 16.,소개,소개·공지·기타,https://blog.naver.com/skills_in_math2/223185172533,1091,3,추출
223162598927,2023 중계동 상명중학교 2학년 1학기 기말고사 주요유형분석 수학학원 수학의기술 시험지 분석,2023. 7. 21.,중등기출분석,시험분석·대비,https://blog.naver.com/skills_in_math2/223162598927,1126,13,추출
223158736401,[수학의기술] [은행사거리점] 초등부 상반기 2차 수학심화 정기고사 + 중1 수기고사 결과 발표!,2023. 7. 17.,놀라운 수기성과,학습성과·후기,https://blog.naver.com/skills_in_math2/223158736401,1037,23,추출
223150454458,"[수학의기술] 2학기 시작을 알리는 현행심화 반배치고사 안내! 내신대비를 위한 중2, 중3 맞춤 솔루션까지~!",2023. 7. 8.,문의폭주개강소식,모집·개강,https://blog.naver.com/skills_in_math2/223150454458,869,12,추출
223147956778,[수학의기술] 자유학기제 전환으로 첫 시험을 앞둔 중1이라면?! 중1 내신대비반 OPEN!,2023. 7. 5.,문의폭주개강소식,모집·개강,https://blog.naver.com/skills_in_math2/223147956778,1205,12,추출
223145906927,"[수학의기술] 120,000 포인트가 쏟아진다! 수학의기술 REVIEW 이벤트!! <수학의기술, 여기어때?>",2023. 7. 4.,이벤트,이벤트·행사,https://blog.naver.com/skills_in_math2/223145906927,1217,11,추출
223145847345,[수학의기술] 고1을 위한 스파르타 원장직강! 여름방학이 기회다! 개념+응용+내신대비까지!,2023. 7. 3.,수학의기술 상위 카테고리,소개·공지·기타,https://blog.naver.com/skills_in_math2/223145847345,704,8,추출
223143386749,[수학의기술] [은행사거리점] 친구소개하고 포인트 받자! 놓지지마 재원생 EVENT~!,2023. 6. 30.,이벤트,이벤트·행사,https://blog.naver.com/skills_in_math2/223143386749,1198,8,추출
223129762989,[수학의기술][은행사거리점] 알짜배기 수업이 가득한 2023 하계 방학 특강 안내!,2023. 6. 15.,문의폭주개강소식,모집·개강,https://blog.naver.com/skills_in_math2/223129762989,2764,21,추출
223126755385,[수학의기술] 2023년 1학기 고등부 중간고사 실적!,2023. 6. 12.,놀라운 수기성과,학습성과·후기,https://blog.naver.com/skills_in_math2/223126755385,1078,8,추출
223118778620,[수학의기술][은행사거리점] 2023년 1학기 중등부 중간고사 실적!,2023. 6. 2.,놀라운 수기성과,학습성과·후기,https://blog.naver.com/skills_in_math2/223118778620,1290,13,추출
223116875769,[수학의기술][은행사거리점] 중등 수학 자동채점 시스템,2023. 5. 31.,소개,소개·공지·기타,https://blog.naver.com/skills_in_math2/223116875769,1240,8,추출
223105467765,[수학의기술][은행사거리점]2023 상명중학교 3학년 1학기 중간고사 주요유형분석,2023. 5. 21.,중등기출분석,시험분석·대비,https://blog.naver.com/skills_in_math2/223105467765,1076,5,추출
223105461197,[수학의기술][은행사거리점]2023 을지중학교 3학년 1학기 중간고사 주요유형분석,2023. 5. 20.,중등기출분석,시험분석·대비,https://blog.naver.com/skills_in_math2/223105461197,1018,6,추출
223103966907,[수학의기술][은행사거리점]2023 불암중학교 2학년 1학기 중간고사 주요유형분석,2023. 5. 19.,중등기출분석,시험분석·대비,https://blog.naver.com/skills_in_math2/223103966907,845,6,추출
223103962264,[수학의기술][은행사거리점]2023 상명중학교 2학년 1학기 중간고사 주요유형분석,2023. 5. 18.,중등기출분석,시험분석·대비,https://blog.naver.com/skills_in_math2/223103962264,1039,7,추출
223103954560,[수학의기술][은행사거리점]2023 을지중학교 2학년 1학기 중간고사 주요유형분석,2023. 5. 17.,중등기출분석,시험분석·대비,https://blog.naver.com/skills_in_math2/223103954560,1056,7,추출
223103651611,[수학의기술][은행사거리점]2023 불암중학교 3학년 1학기 중간고사 분석,2023. 5. 16.,중등기출분석,시험분석·대비,https://blog.naver.com/skills_in_math2/223103651611,755,6,추출
223000633250,"[중계동 수학학원] 대학 입학금 폐지, 학생 입학준비금 지급 소식!",2023. 1. 31.,교육정보,교육·입시정보,https://blog.naver.com/skills_in_math2/223000633250,1126,6,추출
222985892315,[중계동 수학학원] 플래너에 적어두면 좋은 공부 자극 문구 3탄!!,2023. 1. 16.,교육정보,교육·입시정보,https://blog.naver.com/skills_in_math2/222985892315,540,3,추출
222972790988,"[중계동 수학학원] 2023 고교학점제 부분 도입, 고교학점제란?",2023. 1. 2.,교육정보,교육·입시정보,https://blog.naver.com/skills_in_math2/222972790988,1598,11,추출
222970109413,[중계동 수학학원] 2023 동계 특강 안내!,2022. 12. 30.,문의폭주개강소식,모집·개강,https://blog.naver.com/skills_in_math2/222970109413,1694,7,추출
222960041660,"[중계동 수학학원] 중1, 겨울방학에 수학 공부할 때 명심할 두 가지!!",2022. 12. 19.,교육정보,교육·입시정보,https://blog.naver.com/skills_in_math2/222960041660,1439,6,추출
222953411445,[중계동 수학학원] 대입 정보는 어디서!? 학생들을 위한 입시정보사이트 '어디가',2022. 12. 12.,교육정보,교육·입시정보,https://blog.naver.com/skills_in_math2/222953411445,854,10,추출
222949765855,[중계동 수학학원] 수학의기술 수강생의 연세대학교 수시 합격 !,2022. 12. 8.,놀라운 수기성과,학습성과·후기,https://blog.naver.com/skills_in_math2/222949765855,851,10,추출
222934427102,[중계동 수학학원] 신청폭주! 문의폭주! 고1 설명회 현장을 공개합니다~!!,2022. 11. 21.,타지점소식,모집·개강,https://blog.naver.com/skills_in_math2/222934427102,1779,21,추출
222929298816,[중계동 수학학원] 시험 전에 보면 점수 지키는 실수 줄이는 방법,2022. 11. 15.,교육정보,교육·입시정보,https://blog.naver.com/skills_in_math2/222929298816,1632,4,추출
222922176692,[중계동 수학학원] 플래너에 적어두면 좋은 공부자극 문구 2탄!,2022. 11. 7.,교육정보,교육·입시정보,https://blog.naver.com/skills_in_math2/222922176692,644,2,추출
222915881143,[중계동 수학학원] 학생들을 위한 무료진로검사!,2022. 10. 31.,교육정보,교육·입시정보,https://blog.naver.com/skills_in_math2/222915881143,1443,11,추출
222908931619,[중계동 수학학원] 수학 세특(세부능력 및 특기사항)도서 추천,2022. 10. 24.,교육정보,교육·입시정보,https://blog.naver.com/skills_in_math2/222908931619,1713,11,추출
222903800405,[중계동 수학학원] 커피는 이제 그만!! 공부할 때 마시면 좋은 차,2022. 10. 18.,교육정보,교육·입시정보,https://blog.naver.com/skills_in_math2/222903800405,810,9,추출
222891547927,[중계동 수학학원] 시험 끝나고 무조건 해야할 일,2022. 10. 4.,교육정보,교육·입시정보,https://blog.naver.com/skills_in_math2/222891547927,1761,11,추출
222884450878,[중계동 수학학원] 고3의 수능 수학 준비사항,2022. 9. 26.,교육정보,교육·입시정보,https://blog.naver.com/skills_in_math2/222884450878,997,7,추출
222878633874,[중계동 수학학원] 22학년도 연세대학교 정시등급 커트라인 연세대 정시컷!,2022. 9. 19.,대입분석,교육·입시정보,https://blog.naver.com/skills_in_math2/222878633874,4572,11,추출
222861132796,[중계동 수학학원] 22학년도 연세대학교 수시등급 커트라인 연세대 수시컷!,2022. 8. 29.,대입분석,교육·입시정보,https://blog.naver.com/skills_in_math2/222861132796,661,12,추출
222855215316,[중계동 수학학원]22학년도 고려대학교 정시등급 커트라인 고려대 정시컷!,2022. 8. 22.,대입분석,교육·입시정보,https://blog.naver.com/skills_in_math2/222855215316,887,21,추출
222843486829,[중계동 수학학원]22학년도 고려대학교 수시등급 커트라인 고려대 수시컷! 학생부종합전형편,2022. 8. 9.,대입분석,교육·입시정보,https://blog.naver.com/skills_in_math2/222843486829,3655,12,추출
222836658170,[중계동 수학학원]22학년도 서울대학교 정시등급 커트라인 서울대 정시컷!,2022. 8. 1.,대입분석,교육·입시정보,https://blog.naver.com/skills_in_math2/222836658170,1087,16,추출
222828151378,[중계동 수학학원]22학년도 서울대학교 수시등급 커트라인 서울대 수시컷!,2022. 7. 25.,대입분석,교육·입시정보,https://blog.naver.com/skills_in_math2/222828151378,5256,13,추출
222817448008,[수학의기술]중계동 수학학원 중등 수학 문제집 추천!!,2022. 7. 18.,교육정보,교육·입시정보,https://blog.naver.com/skills_in_math2/222817448008,1430,16,추출
222807708046,[중계동 수학학원] 자기주도학습에 관하여..,2022. 7. 11.,교육정보,교육·입시정보,https://blog.naver.com/skills_in_math2/222807708046,1402,6,추출
222800001065,[중계동 수학학원] 시간관리 끝판왕이 되자!,2022. 7. 4.,교육정보,교육·입시정보,https://blog.naver.com/skills_in_math2/222800001065,1637,13,추출
222794908725,[중계동 수학학원]수학의기술 22년 하계특강 OPEN!!,2022. 6. 30.,문의폭주개강소식,모집·개강,https://blog.naver.com/skills_in_math2/222794908725,1126,9,추출
222790539623,[중계동 수학학원] 플래너에 적기 좋은 공부자극 문구!,2022. 6. 27.,교육정보,교육·입시정보,https://blog.naver.com/skills_in_math2/222790539623,747,11,추출
222781403400,[중계동 수학학원]수학의기술 기말고사 대비 꿀팁 대방출!!,2022. 6. 20.,교육정보,교육·입시정보,https://blog.naver.com/skills_in_math2/222781403400,2039,16,추출
222762037498,[중계동 수학학원]수학의기술 6월 모의평가를 위해 뭘 해야할지 알려드립니다!,2022. 6. 6.,교육정보,교육·입시정보,https://blog.naver.com/skills_in_math2/222762037498,1234,10,추출
222752254783,[중계동 수학학원]22년 중등 1학기 수학의기술 중간고사 성과 공개!!,2022. 5. 30.,놀라운 수기성과,학습성과·후기,https://blog.naver.com/skills_in_math2/222752254783,748,7,추출
222646454776,[중계동 수학학원]21학년도 연세대학교 정시등급 커트라인 연세대 정시컷!,2022. 2. 13.,대입분석,교육·입시정보,https://blog.naver.com/skills_in_math2/222646454776,6321,1,추출
222590477704,[수학의기술]중계동 수학학원 22년 겨울방학 동계특강 안내,2021. 12. 8.,문의폭주개강소식,모집·개강,https://blog.naver.com/skills_in_math2/222590477704,1351,11,추출
222485766916,[중계동 수학학원] 영신여고 예상 적중!! 21년 1학기 수학의기술 고등부 1학기  실적!!,2021. 8. 27.,놀라운 수기성과,학습성과·후기,https://blog.naver.com/skills_in_math2/222485766916,1050,9,추출
222343791476,[중계동 수학학원]21년 전국연합학력평가 전국모의고사 일정 및 시험출제범위  모의고사 등,2021. 5. 9.,대입분석,교육·입시정보,https://blog.naver.com/skills_in_math2/222343791476,524,31,추출
222244178000,[중계동 수학학원][고급경시반]필즈수학_초급(상) 개강소식!,2021. 2. 15.,수학의기술 상위 카테고리,모집·개강,https://blog.naver.com/skills_in_math2/222244178000,920,8,추출
222215444064,[중고등방학특강] 중계동 수학학원 수학의기술 은행사거리점 언택트 방특! 역시 철.벽.관.리,2021. 1. 21.,문의폭주개강소식,모집·개강,https://blog.naver.com/skills_in_math2/222215444064,1811,29,추출
222197477980,[중계동 수학학원]21학년도 정시 대비 작년도 대학별 커트라인 공개,2021. 1. 5.,대입분석,교육·입시정보,https://blog.naver.com/skills_in_math2/222197477980,1424,6,추출
222195848319,[1/6~1/17]중계동 수학학원 수학의기술 오프라인_알파클래스 오픈!,2021. 1. 4.,이벤트,이벤트·행사,https://blog.naver.com/skills_in_math2/222195848319,1786,7,추출
222177870539,[중계동 수학학원] 수학의 기술 온라인 입학 레벨테스트 런칭,2020. 12. 18.,카테고리 7(현재 메뉴명 미확인),소개·공지·기타,https://blog.naver.com/skills_in_math2/222177870539,395,10,추출
222172807331,[중고등온라인수업]온라인이 더 철저해도 되는거야?! 고퀄리티 중계동 수학학원 온라인 수업 by 수학의기술,2020. 12. 14.,카테고리 7(현재 메뉴명 미확인),수업·학습관리,https://blog.naver.com/skills_in_math2/222172807331,1491,17,추출
222172781106,[공유] 이게 제대로 된 온라인 수업이지~ 중계동 초등수학 온라인도 오프라인도 No.1 !!,2020. 12. 14.,수학의기술 상위 카테고리,수업·학습관리,https://blog.naver.com/skills_in_math2/222172781106,0,0,공유 글 본문 미추출
222169547572,[중계동 수학학원]Daily Briefing이란?,2020. 12. 10.,소개,소개·공지·기타,https://blog.naver.com/skills_in_math2/222169547572,811,5,추출
222169051599,[공유] [초등온라인특강] 중계동 수학학원 초등전문관 언택트 수업 오픈!,2020. 12. 10.,교육정보,교육·입시정보,https://blog.naver.com/skills_in_math2/222169051599,0,0,공유 글 본문 미추출
222165302470,[온라인시험대비][온라인직보]중계동 수학학원 중고등 시험대비도 수학의기술!,2020. 12. 7.,카테고리 7(현재 메뉴명 미확인),시험분석·대비,https://blog.naver.com/skills_in_math2/222165302470,821,10,추출
222165277492,[언택트수학][온라인수학학원] 코로나19 거리두기 학원을 못가도 중계동 수학학원 수학의기술!,2020. 12. 7.,카테고리 7(현재 메뉴명 미확인),소개·공지·기타,https://blog.naver.com/skills_in_math2/222165277492,1103,12,추출
222163186019,[중계동 수학학원]20학년도 연세대학교 정시등급 커트라인 연세대 정시컷!,2020. 12. 4.,대입분석,교육·입시정보,https://blog.naver.com/skills_in_math2/222163186019,6369,2,추출
222163174622,[중계동 수학학원]20학년도 고려대학교 정시등급 커트라인 고려대 정시컷!,2020. 12. 4.,대입분석,교육·입시정보,https://blog.naver.com/skills_in_math2/222163174622,4267,2,추출
222112058382,[공유] 수학학원 <수학의 기술> 삼각삼점 추천해요!! - 강북구 삼각산동 미아동 송천동 삼양동,2020. 10. 10.,수학의기술 상위 카테고리,소개·공지·기타,https://blog.naver.com/skills_in_math2/222112058382,0,0,공유 글 본문 미추출
222106862439,[수기이벤트]중계동 수학학원 이벤트참여방법안내드립니다 ^.~,2020. 10. 5.,카테고리 7(현재 메뉴명 미확인),이벤트·행사,https://blog.naver.com/skills_in_math2/222106862439,1424,13,추출
222099916558,[중계동 수학학원]20학년도 고려대학교 수시등급 커트라인 고려대 수시컷! 교과전형편,2020. 9. 26.,대입분석,교육·입시정보,https://blog.naver.com/skills_in_math2/222099916558,2468,2,추출
222098988394,[중계동 수학학원]20학년도 고려대학교 수시등급 커트라인 고려대 수시컷! 학생부종합전형편,2020. 9. 25.,대입분석,교육·입시정보,https://blog.naver.com/skills_in_math2/222098988394,3903,1,추출
222098063248,[중계동 수학학원]20학년도 연세대학교 수시등급 커트라인 연세대 수시컷!,2020. 9. 24.,대입분석,교육·입시정보,https://blog.naver.com/skills_in_math2/222098063248,3671,1,추출
222096992645,[중계동 수학학원]20학년도 재현고등학교 재현고 대입/입시실적,2020. 9. 23.,대입분석,교육·입시정보,https://blog.naver.com/skills_in_math2/222096992645,1311,1,추출
222094747832,[중계동 수학학원]20학년도 서울 대진고등학교 대진고 대입/입시실적,2020. 9. 21.,대입분석,교육·입시정보,https://blog.naver.com/skills_in_math2/222094747832,1357,1,추출
222094667644,[중계동 수학학원]20학년도 서울대학교 정시등급 커트라인 서울대 정시컷!,2020. 9. 21.,대입분석,교육·입시정보,https://blog.naver.com/skills_in_math2/222094667644,5669,2,추출
222093498266,[중계동 수학학원]20학년도 서울대학교 수시등급 커트라인 서울대 수시컷!,2020. 9. 19.,대입분석,교육·입시정보,https://blog.naver.com/skills_in_math2/222093498266,6353,1,추출
222088140069,중계동 수학학원 수학의기술 방역과 함께 수업 준비중!!,2020. 9. 13.,카테고리 7(현재 메뉴명 미확인),수업·학습관리,https://blog.naver.com/skills_in_math2/222088140069,1264,15,추출
222084185179,[중계동 수학학원]19학년도 영신여자고등학교 영신여고 대입/입시 실적,2020. 9. 9.,대입분석,교육·입시정보,https://blog.naver.com/skills_in_math2/222084185179,1317,4,추출
222081458899,코로나19 사회적 거리두기 2.5단계 연장!! 그리고 온라인 수업 시작!!,2020. 9. 6.,카테고리 7(현재 메뉴명 미확인),수업·학습관리,https://blog.naver.com/skills_in_math2/222081458899,1269,5,추출
222080731477,중계동수학학원에서 우리아이 학생 성적 올리는 방법,2020. 9. 5.,카테고리 7(현재 메뉴명 미확인),소개·공지·기타,https://blog.naver.com/skills_in_math2/222080731477,1737,7,추출
222071691688,중계동수학학원에서 고퀄리티 실시간 온라인 수업을 완벽하게 해주는 곳!,2020. 8. 26.,카테고리 7(현재 메뉴명 미확인),수업·학습관리,https://blog.naver.com/skills_in_math2/222071691688,2614,12,추출
222070645596,중고등전문관 은행사거리점 오픈!중계동 수학학원 프리미엄을 수학의기술을 만나다!,2020. 8. 25.,카테고리 7(현재 메뉴명 미확인),소개·공지·기타,https://blog.naver.com/skills_in_math2/222070645596,1848,24,추출
222070634094,중계동수학학원 오픈! 중고등전문관 수학의기술 은행사거리점 재원생 대상 개원설명회,2020. 8. 25.,카테고리 7(현재 메뉴명 미확인),모집·개강,https://blog.naver.com/skills_in_math2/222070634094,2597,24,추출
222070342752,코로나19 수도권지역 전면 원격수업 전환 고3 제외,2020. 8. 25.,카테고리 7(현재 메뉴명 미확인),수업·학습관리,https://blog.naver.com/skills_in_math2/222070342752,3101,1,추출
222069653966,"코로나19 올바른 소독과 소독기·소독제·소독약폼 사용법, 차아염소산나트륨 부작용 오남용 방지",2020. 8. 24.,카테고리 7(현재 메뉴명 미확인),소개·공지·기타,https://blog.naver.com/skills_in_math2/222069653966,1598,2,추출
222056849780,중계동에 신규 오픈! 중고등 전문수학학원 수학의기술 은행사거리점 개원 설명회 신청 안내,2020. 8. 10.,카테고리 7(현재 메뉴명 미확인),모집·개강,https://blog.naver.com/skills_in_math2/222056849780,953,7,추출
